,0,1,2,3,4,5,6,7,8,9,10,11,12,13,14,15,16,17,18,19,20,21,22,23,24,25,26,27,28,29,30,31,32,33,34,35,36,37,38,39,40,41,42,43,44,45,46,47,48,49,50,51,52,53,54,55,56,57,58,59,60,61,62,63,64,65,66,67,68,69,70,71,72,73,74,75,76,77,78,79,80,81,82,83,84,85,86,87,88,89,90,91,92,93,94,95,96,97,98
0,0.9863135108645338,0.0,0.0,0.0,0.0,0.0,0.0,0.0,0.0,0.0,0.0,0.0,0.0,0.0,0.0,0.0,0.0,0.0,0.0,0.0,0.0,0.0,0.0,0.0,0.0,0.0,0.0,0.0,0.0,0.0,0.0,0.0,0.0,0.0,0.0,0.0,0.0,0.0,0.0,0.0,0.0,0.0,0.0,0.0,0.0,0.0,0.0,0.0,0.0,0.0,0.0,0.0,0.0,0.0,0.0,0.0,0.0,0.0,0.0,0.0,0.0,0.0,0.0,0.0,0.0,0.0,0.0,0.0,0.0,0.0,0.0,0.0,0.0,0.0,0.0,0.0,0.0,0.0,0.0,0.0,0.0,0.0,0.0,0.0,0.0,0.0,0.0,0.0,0.0,0.0,0.0,0.0,0.0,0.0,0.0,0.0,0.0,0.0,0.0
1,-0.32877972344635964,1.3151189204307911,0.0,0.0,0.0,0.0,0.0,0.0,0.0,0.0,0.0,0.0,0.0,0.0,0.0,0.0,0.0,0.0,0.0,0.0,0.0,0.0,0.0,0.0,0.0,0.0,0.0,0.0,0.0,0.0,0.0,0.0,0.0,0.0,0.0,0.0,0.0,0.0,0.0,0.0,0.0,0.0,0.0,0.0,0.0,0.0,0.0,0.0,0.0,0.0,0.0,0.0,0.0,0.0,0.0,0.0,0.0,0.0,0.0,0.0,0.0,0.0,0.0,0.0,0.0,0.0,0.0,0.0,0.0,0.0,0.0,0.0,0.0,0.0,0.0,0.0,0.0,0.0,0.0,0.0,0.0,0.0,0.0,0.0,0.0,0.0,0.0,0.0,0.0,0.0,0.0,0.0,0.0,0.0,0.0,0.0,0.0,0.0,0.0
2,0.0,-0.21919406861066124,1.2055673602262909,0.0,0.0,0.0,0.0,0.0,0.0,0.0,0.0,0.0,0.0,0.0,0.0,0.0,0.0,0.0,0.0,0.0,0.0,0.0,0.0,0.0,0.0,0.0,0.0,0.0,0.0,0.0,0.0,0.0,0.0,0.0,0.0,0.0,0.0,0.0,0.0,0.0,0.0,0.0,0.0,0.0,0.0,0.0,0.0,0.0,0.0,0.0,0.0,0.0,0.0,0.0,0.0,0.0,0.0,0.0,0.0,0.0,0.0,0.0,0.0,0.0,0.0,0.0,0.0,0.0,0.0,0.0,0.0,0.0,0.0,0.0,0.0,0.0,0.0,0.0,0.0,0.0,0.0,0.0,0.0,0.0,0.0,0.0,0.0,0.0,0.0,0.0,0.0,0.0,0.0,0.0,0.0,0.0,0.0,0.0,0.0
3,0.0,-0.12730633837431185,0.17137391376950348,0.9425565669898481,0.0,0.0,0.0,0.0,0.0,0.0,0.0,0.0,0.0,0.0,0.0,0.0,0.0,0.0,0.0,0.0,0.0,0.0,0.0,0.0,0.0,0.0,0.0,0.0,0.0,0.0,0.0,0.0,0.0,0.0,0.0,0.0,0.0,0.0,0.0,0.0,0.0,0.0,0.0,0.0,0.0,0.0,0.0,0.0,0.0,0.0,0.0,0.0,0.0,0.0,0.0,0.0,0.0,0.0,0.0,0.0,0.0,0.0,0.0,0.0,0.0,0.0,0.0,0.0,0.0,0.0,0.0,0.0,0.0,0.0,0.0,0.0,0.0,0.0,0.0,0.0,0.0,0.0,0.0,0.0,0.0,0.0,0.0,0.0,0.0,0.0,0.0,0.0,0.0,0.0,0.0,0.0,0.0,0.0,0.0
4,0.0,-0.06266411770429817,0.0,0.06997493124608761,0.9796491186511019,0.0,0.0,0.0,0.0,0.0,0.0,0.0,0.0,0.0,0.0,0.0,0.0,0.0,0.0,0.0,0.0,0.0,0.0,0.0,0.0,0.0,0.0,0.0,0.0,0.0,0.0,0.0,0.0,0.0,0.0,0.0,0.0,0.0,0.0,0.0,0.0,0.0,0.0,0.0,0.0,0.0,0.0,0.0,0.0,0.0,0.0,0.0,0.0,0.0,0.0,0.0,0.0,0.0,0.0,0.0,0.0,0.0,0.0,0.0,0.0,0.0,0.0,0.0,0.0,0.0,0.0,0.0,0.0,0.0,0.0,0.0,0.0,0.0,0.0,0.0,0.0,0.0,0.0,0.0,0.0,0.0,0.0,0.0,0.0,0.0,0.0,0.0,0.0,0.0,0.0,0.0,0.0,0.0,0.0
5,0.0,-0.04292442140922323,0.0,0.0,0.07104731933197175,0.9591389195911376,0.0,0.0,0.0,0.0,0.0,0.0,0.0,0.0,0.0,0.0,0.0,0.0,0.0,0.0,0.0,0.0,0.0,0.0,0.0,0.0,0.0,0.0,0.0,0.0,0.0,0.0,0.0,0.0,0.0,0.0,0.0,0.0,0.0,0.0,0.0,0.0,0.0,0.0,0.0,0.0,0.0,0.0,0.0,0.0,0.0,0.0,0.0,0.0,0.0,0.0,0.0,0.0,0.0,0.0,0.0,0.0,0.0,0.0,0.0,0.0,0.0,0.0,0.0,0.0,0.0,0.0,0.0,0.0,0.0,0.0,0.0,0.0,0.0,0.0,0.0,0.0,0.0,0.0,0.0,0.0,0.0,0.0,0.0,0.0,0.0,0.0,0.0,0.0,0.0,0.0,0.0,0.0,0.0
6,0.0,-0.02148330643806165,0.0,0.0,0.0,0.021950335462456172,0.9877653299639363,0.0,0.0,0.0,0.0,0.0,0.0,0.0,0.0,0.0,0.0,0.0,0.0,0.0,0.0,0.0,0.0,0.0,0.0,0.0,0.0,0.0,0.0,0.0,0.0,0.0,0.0,0.0,0.0,0.0,0.0,0.0,0.0,0.0,0.0,0.0,0.0,0.0,0.0,0.0,0.0,0.0,0.0,0.0,0.0,0.0,0.0,0.0,0.0,0.0,0.0,0.0,0.0,0.0,0.0,0.0,0.0,0.0,0.0,0.0,0.0,0.0,0.0,0.0,0.0,0.0,0.0,0.0,0.0,0.0,0.0,0.0,0.0,0.0,0.0,0.0,0.0,0.0,0.0,0.0,0.0,0.0,0.0,0.0,0.0,0.0,0.0,0.0,0.0,0.0,0.0,0.0,0.0
7,0.0,-0.014441738024201234,0.0,0.0,0.0,0.0,0.02230446280275522,0.9813967098834184,0.0,0.0,0.0,0.0,0.0,0.0,0.0,0.0,0.0,0.0,0.0,0.0,0.0,0.0,0.0,0.0,0.0,0.0,0.0,0.0,0.0,0.0,0.0,0.0,0.0,0.0,0.0,0.0,0.0,0.0,0.0,0.0,0.0,0.0,0.0,0.0,0.0,0.0,0.0,0.0,0.0,0.0,0.0,0.0,0.0,0.0,0.0,0.0,0.0,0.0,0.0,0.0,0.0,0.0,0.0,0.0,0.0,0.0,0.0,0.0,0.0,0.0,0.0,0.0,0.0,0.0,0.0,0.0,0.0,0.0,0.0,0.0,0.0,0.0,0.0,0.0,0.0,0.0,0.0,0.0,0.0,0.0,0.0,0.0,0.0,0.0,0.0,0.0,0.0,0.0,0.0
8,0.0,-0.010852946377530592,0.0,0.0,0.0,0.0,0.0,0.02200405118356341,0.9791807496330532,0.0,0.0,0.0,0.0,0.0,0.0,0.0,0.0,0.0,0.0,0.0,0.0,0.0,0.0,0.0,0.0,0.0,0.0,0.0,0.0,0.0,0.0,0.0,0.0,0.0,0.0,0.0,0.0,0.0,0.0,0.0,0.0,0.0,0.0,0.0,0.0,0.0,0.0,0.0,0.0,0.0,0.0,0.0,0.0,0.0,0.0,0.0,0.0,0.0,0.0,0.0,0.0,0.0,0.0,0.0,0.0,0.0,0.0,0.0,0.0,0.0,0.0,0.0,0.0,0.0,0.0,0.0,0.0,0.0,0.0,0.0,0.0,0.0,0.0,0.0,0.0,0.0,0.0,0.0,0.0,0.0,0.0,0.0,0.0,0.0,0.0,0.0,0.0,0.0,0.0
9,0.0,-0.007222047192050052,0.0,0.0,0.0,1.475906376280367e-05,0.0007367669278487976,0.0,0.026643076359716966,0.9695948945806152,0.0,0.0,0.0,0.0,0.0,0.0,0.0,0.0,0.0,0.0,0.0,0.0,0.0,0.0,0.0,0.0,0.0,0.0,0.0,0.0,0.0,0.0,0.0,0.0,0.0,0.0,0.0,0.0,0.0,0.0,0.0,0.0,0.0,0.0,0.0,0.0,0.0,0.0,0.0,0.0,0.0,0.0,0.0,0.0,0.0,0.0,0.0,0.0,0.0,0.0,0.0,0.0,0.0,0.0,0.0,0.0,0.0,0.0,0.0,0.0,0.0,0.0,0.0,0.0,0.0,0.0,0.0,0.0,0.0,0.0,0.0,0.0,0.0,0.0,0.0,0.0,0.0,0.0,0.0,0.0,0.0,0.0,0.0,0.0,0.0,0.0,0.0,0.0,0.0
10,0.0,-0.0054397727537736085,0.0,0.0,0.0,0.0,0.0,4.493060264121329e-05,0.002205720726726479,0.011170020499697009,0.9825524451469864,0.0,0.0,0.0,0.0,0.0,0.0,0.0,0.0,0.0,0.0,0.0,0.0,0.0,0.0,0.0,0.0,0.0,0.0,0.0,0.0,0.0,0.0,0.0,0.0,0.0,0.0,0.0,0.0,0.0,0.0,0.0,0.0,0.0,0.0,0.0,0.0,0.0,0.0,0.0,0.0,0.0,0.0,0.0,0.0,0.0,0.0,0.0,0.0,0.0,0.0,0.0,0.0,0.0,0.0,0.0,0.0,0.0,0.0,0.0,0.0,0.0,0.0,0.0,0.0,0.0,0.0,0.0,0.0,0.0,0.0,0.0,0.0,0.0,0.0,0.0,0.0,0.0,0.0,0.0,0.0,0.0,0.0,0.0,0.0,0.0,0.0,0.0,0.0
11,0.0,-0.003633554074809753,0.0,0.0,0.0,0.0,0.0,3.0011874062318977e-05,0.001648590081289314,3.677121281076001e-05,0.014071990049775718,0.9784476031979988,0.0,0.0,0.0,0.0,0.0,0.0,0.0,0.0,0.0,0.0,0.0,0.0,0.0,0.0,0.0,0.0,0.0,0.0,0.0,0.0,0.0,0.0,0.0,0.0,0.0,0.0,0.0,0.0,0.0,0.0,0.0,0.0,0.0,0.0,0.0,0.0,0.0,0.0,0.0,0.0,0.0,0.0,0.0,0.0,0.0,0.0,0.0,0.0,0.0,0.0,0.0,0.0,0.0,0.0,0.0,0.0,0.0,0.0,0.0,0.0,0.0,0.0,0.0,0.0,0.0,0.0,0.0,0.0,0.0,0.0,0.0,0.0,0.0,0.0,0.0,0.0,0.0,0.0,0.0,0.0,0.0,0.0,0.0,0.0,0.0,0.0,0.0
12,0.0,-0.0027305299358376667,6.443109934473057e-08,0.0,0.0,0.0,0.0,0.0,0.0013900988615409005,7.788539778397219e-06,0.0027446452463206206,0.009513766276517122,0.9795844262182677,0.0,0.0,0.0,0.0,0.0,0.0,0.0,0.0,0.0,0.0,0.0,0.0,0.0,0.0,0.0,0.0,0.0,0.0,0.0,0.0,0.0,0.0,0.0,0.0,0.0,0.0,0.0,0.0,0.0,0.0,0.0,0.0,0.0,0.0,0.0,0.0,0.0,0.0,0.0,0.0,0.0,0.0,0.0,0.0,0.0,0.0,0.0,0.0,0.0,0.0,0.0,0.0,0.0,0.0,0.0,0.0,0.0,0.0,0.0,0.0,0.0,0.0,0.0,0.0,0.0,0.0,0.0,0.0,0.0,0.0,0.0,0.0,0.0,0.0,0.0,0.0,0.0,0.0,0.0,0.0,0.0,0.0,0.0,0.0,0.0,0.0
13,0.0,-0.002194410850080153,1.0796918914479647e-08,0.0,0.0,0.0,0.0,9.156836747181707e-06,0.001231908290655337,1.316468635492729e-05,0.002427068024855872,0.0036952139967696973,0.010166031524407038,0.9748144164543546,0.0,0.0,0.0,0.0,0.0,0.0,0.0,0.0,0.0,0.0,0.0,0.0,0.0,0.0,0.0,0.0,0.0,0.0,0.0,0.0,0.0,0.0,0.0,0.0,0.0,0.0,0.0,0.0,0.0,0.0,0.0,0.0,0.0,0.0,0.0,0.0,0.0,0.0,0.0,0.0,0.0,0.0,0.0,0.0,0.0,0.0,0.0,0.0,0.0,0.0,0.0,0.0,0.0,0.0,0.0,0.0,0.0,0.0,0.0,0.0,0.0,0.0,0.0,0.0,0.0,0.0,0.0,0.0,0.0,0.0,0.0,0.0,0.0,0.0,0.0,0.0,0.0,0.0,0.0,0.0,0.0,0.0,0.0,0.0,0.0
14,0.0,-0.001837318996597559,0.0,0.0,0.0,0.0,0.0,1.5175604696493483e-05,0.0011330255700672809,1.8593487860485425e-05,0.0022967177942465056,0.003363648304333111,0.004513225928398645,0.01085941135365448,0.9691313493428305,0.0,0.0,0.0,0.0,0.0,0.0,0.0,0.0,0.0,0.0,0.0,0.0,0.0,0.0,0.0,0.0,0.0,0.0,0.0,0.0,0.0,0.0,0.0,0.0,0.0,0.0,0.0,0.0,0.0,0.0,0.0,0.0,0.0,0.0,0.0,0.0,0.0,0.0,0.0,0.0,0.0,0.0,0.0,0.0,0.0,0.0,0.0,0.0,0.0,0.0,0.0,0.0,0.0,0.0,0.0,0.0,0.0,0.0,0.0,0.0,0.0,0.0,0.0,0.0,0.0,0.0,0.0,0.0,0.0,0.0,0.0,0.0,0.0,0.0,0.0,0.0,0.0,0.0,0.0,0.0,0.0,0.0,0.0,0.0
15,0.0,-0.001581510575277001,0.0,0.0,0.0,0.0,0.0,1.3062718441647636e-05,0.0010745138103937513,1.600473226170962e-05,0.002172856874461948,0.0031882039413025365,0.004272893862518334,0.005245698795480758,0.01146963205054391,0.9627505442328516,0.0,0.0,0.0,0.0,0.0,0.0,0.0,0.0,0.0,0.0,0.0,0.0,0.0,0.0,0.0,0.0,0.0,0.0,0.0,0.0,0.0,0.0,0.0,0.0,0.0,0.0,0.0,0.0,0.0,0.0,0.0,0.0,0.0,0.0,0.0,0.0,0.0,0.0,0.0,0.0,0.0,0.0,0.0,0.0,0.0,0.0,0.0,0.0,0.0,0.0,0.0,0.0,0.0,0.0,0.0,0.0,0.0,0.0,0.0,0.0,0.0,0.0,0.0,0.0,0.0,0.0,0.0,0.0,0.0,0.0,0.0,0.0,0.0,0.0,0.0,0.0,0.0,0.0,0.0,0.0,0.0,0.0,0.0
16,0.0,-0.0013908562409431502,0.0,0.0,0.0,0.0,0.0,1.1487980705604528e-05,0.0010283461981258624,1.407532770891784e-05,0.00207549193630141,0.0030498937143158544,0.0040837690069850385,0.00501335077965348,0.005944191982382163,0.01740575534744937,0.9503596808905362,0.0,0.0,0.0,0.0,0.0,0.0,0.0,0.0,0.0,0.0,0.0,0.0,0.0,0.0,0.0,0.0,0.0,0.0,0.0,0.0,0.0,0.0,0.0,0.0,0.0,0.0,0.0,0.0,0.0,0.0,0.0,0.0,0.0,0.0,0.0,0.0,0.0,0.0,0.0,0.0,0.0,0.0,0.0,0.0,0.0,0.0,0.0,0.0,0.0,0.0,0.0,0.0,0.0,0.0,0.0,0.0,0.0,0.0,0.0,0.0,0.0,0.0,0.0,0.0,0.0,0.0,0.0,0.0,0.0,0.0,0.0,0.0,0.0,0.0,0.0,0.0,0.0,0.0,0.0,0.0,0.0,0.0
17,0.0,-0.001243025177580237,0.0,0.0,0.0,0.0,0.0,1.0266947014780925e-05,0.0009865668750691503,1.2579291774894585e-05,0.0019881880742450564,0.0029249969165506817,0.003913735046115474,0.004804489049659022,0.0056967889624365275,0.006717005087558681,0.017792598181257113,0.9429232353357075,0.0,0.0,0.0,0.0,0.0,0.0,0.0,0.0,0.0,0.0,0.0,0.0,0.0,0.0,0.0,0.0,0.0,0.0,0.0,0.0,0.0,0.0,0.0,0.0,0.0,0.0,0.0,0.0,0.0,0.0,0.0,0.0,0.0,0.0,0.0,0.0,0.0,0.0,0.0,0.0,0.0,0.0,0.0,0.0,0.0,0.0,0.0,0.0,0.0,0.0,0.0,0.0,0.0,0.0,0.0,0.0,0.0,0.0,0.0,0.0,0.0,0.0,0.0,0.0,0.0,0.0,0.0,0.0,0.0,0.0,0.0,0.0,0.0,0.0,0.0,0.0,0.0,0.0,0.0,0.0,0.0
18,0.0,-0.0011244224752682275,4.6856615809609536e-08,0.0,0.0,0.0,0.0,0.0,0.0009537157452665923,1.1541033753670327e-05,0.0018869848669722522,0.0028542821352978143,0.003715850745156235,0.0046008723653817585,0.005517798259968565,0.006295110517931524,0.007189456856238063,0.013046801628641136,0.9405160181046035,0.0,0.0,0.0,0.0,0.0,0.0,0.0,0.0,0.0,0.0,0.0,0.0,0.0,0.0,0.0,0.0,0.0,0.0,0.0,0.0,0.0,0.0,0.0,0.0,0.0,0.0,0.0,0.0,0.0,0.0,0.0,0.0,0.0,0.0,0.0,0.0,0.0,0.0,0.0,0.0,0.0,0.0,0.0,0.0,0.0,0.0,0.0,0.0,0.0,0.0,0.0,0.0,0.0,0.0,0.0,0.0,0.0,0.0,0.0,0.0,0.0,0.0,0.0,0.0,0.0,0.0,0.0,0.0,0.0,0.0,0.0,0.0,0.0,0.0,0.0,0.0,0.0,0.0,0.0,0.0
19,0.0,-0.0009489745378399306,0.0,0.0,0.0,0.0,0.0,7.838193635811841e-06,0.0008900541831335929,9.60352977696921e-06,0.0017880600507169664,0.0026369906293288725,0.0035230871466701563,0.004324697999019689,0.005128341107676904,0.006031442473936055,0.006691727897495392,0.007301791985284134,0.015087474981162474,0.9302858392894187,0.0,0.0,0.0,0.0,0.0,0.0,0.0,0.0,0.0,0.0,0.0,0.0,0.0,0.0,0.0,0.0,0.0,0.0,0.0,0.0,0.0,0.0,0.0,0.0,0.0,0.0,0.0,0.0,0.0,0.0,0.0,0.0,0.0,0.0,0.0,0.0,0.0,0.0,0.0,0.0,0.0,0.0,0.0,0.0,0.0,0.0,0.0,0.0,0.0,0.0,0.0,0.0,0.0,0.0,0.0,0.0,0.0,0.0,0.0,0.0,0.0,0.0,0.0,0.0,0.0,0.0,0.0,0.0,0.0,0.0,0.0,0.0,0.0,0.0,0.0,0.0,0.0,0.0,0.0
20,0.0,-0.0007739895686170728,4.0283748559133414e-08,0.0,0.0,0.0,0.0,0.0,0.0008070762929496267,1.123574323858012e-05,0.0015977850188753084,0.002417725101719337,0.003149476124342243,0.0038979151035373194,0.004665265250503037,0.005333348939567939,0.0060915113508919205,0.006700668714332281,0.0112722716681668,0.02344419543914844,0.9109299627003964,0.0,0.0,0.0,0.0,0.0,0.0,0.0,0.0,0.0,0.0,0.0,0.0,0.0,0.0,0.0,0.0,0.0,0.0,0.0,0.0,0.0,0.0,0.0,0.0,0.0,0.0,0.0,0.0,0.0,0.0,0.0,0.0,0.0,0.0,0.0,0.0,0.0,0.0,0.0,0.0,0.0,0.0,0.0,0.0,0.0,0.0,0.0,0.0,0.0,0.0,0.0,0.0,0.0,0.0,0.0,0.0,0.0,0.0,0.0,0.0,0.0,0.0,0.0,0.0,0.0,0.0,0.0,0.0,0.0,0.0,0.0,0.0,0.0,0.0,0.0,0.0,0.0,0.0
21,0.0,-0.0006014902759893248,0.0,0.0,0.0,0.0,0.0,4.9680971142551655e-06,0.000690330272112849,6.087024981282774e-06,0.0013824356329822374,0.0020438089137764237,0.0027264537259819033,0.0033466238218149424,0.00396886755404946,0.004655812395337744,0.005178866337510191,0.005668125250407607,0.009725843233207576,0.018681345363008584,0.03782858513066978,0.8799799856070573,0.0,0.0,0.0,0.0,0.0,0.0,0.0,0.0,0.0,0.0,0.0,0.0,0.0,0.0,0.0,0.0,0.0,0.0,0.0,0.0,0.0,0.0,0.0,0.0,0.0,0.0,0.0,0.0,0.0,0.0,0.0,0.0,0.0,0.0,0.0,0.0,0.0,0.0,0.0,0.0,0.0,0.0,0.0,0.0,0.0,0.0,0.0,0.0,0.0,0.0,0.0,0.0,0.0,0.0,0.0,0.0,0.0,0.0,0.0,0.0,0.0,0.0,0.0,0.0,0.0,0.0,0.0,0.0,0.0,0.0,0.0,0.0,0.0,0.0,0.0,0.0,0.0
22,0.0,-0.0004988428732588535,0.0,0.0,0.0,0.0,0.0,4.120266627882785e-06,0.0006000862879523838,5.048241338845294e-06,0.001200931526099125,0.0017763708386187016,0.0023689523467873563,0.0029077711540675955,0.0034484813164759043,0.0040432139043061754,0.004499842942706778,0.00492801541414345,0.008450786329397553,0.016231441269179414,0.031249019611517825,0.04808053627111675,0.8441573173360861,0.0,0.0,0.0,0.0,0.0,0.0,0.0,0.0,0.0,0.0,0.0,0.0,0.0,0.0,0.0,0.0,0.0,0.0,0.0,0.0,0.0,0.0,0.0,0.0,0.0,0.0,0.0,0.0,0.0,0.0,0.0,0.0,0.0,0.0,0.0,0.0,0.0,0.0,0.0,0.0,0.0,0.0,0.0,0.0,0.0,0.0,0.0,0.0,0.0,0.0,0.0,0.0,0.0,0.0,0.0,0.0,0.0,0.0,0.0,0.0,0.0,0.0,0.0,0.0,0.0,0.0,0.0,0.0,0.0,0.0,0.0,0.0,0.0,0.0,0.0,0.0
23,0.0,-0.0004308046124695819,0.0,0.0,0.0,0.0,0.0,3.5582942842227183e-06,0.0005295364337992714,4.359701835654484e-06,0.001059435997263769,0.0015674282271421758,0.002090019980000024,0.002565382796818061,0.003042449327195218,0.0035663187784862327,0.0039700268524012206,0.004348983850127608,0.007455836857628295,0.014320133681286484,0.027570122742084924,0.04084618194372114,0.048009854435732136,0.8128978027620304,0.0,0.0,0.0,0.0,0.0,0.0,0.0,0.0,0.0,0.0,0.0,0.0,0.0,0.0,0.0,0.0,0.0,0.0,0.0,0.0,0.0,0.0,0.0,0.0,0.0,0.0,0.0,0.0,0.0,0.0,0.0,0.0,0.0,0.0,0.0,0.0,0.0,0.0,0.0,0.0,0.0,0.0,0.0,0.0,0.0,0.0,0.0,0.0,0.0,0.0,0.0,0.0,0.0,0.0,0.0,0.0,0.0,0.0,0.0,0.0,0.0,0.0,0.0,0.0,0.0,0.0,0.0,0.0,0.0,0.0,0.0,0.0,0.0,0.0,0.0
24,0.0,0.0,0.0,0.0,0.0,0.0,0.0,0.0,0.0,0.0,0.0,0.0,0.0,0.0,0.0,0.0,0.0,0.0,0.0,0.0,0.0,0.0,0.0,0.0,0.9879766509251001,0.0,0.0,0.0,0.0,0.0,0.0,0.0,0.0,0.0,0.0,0.0,0.0,0.0,0.0,0.0,0.0,0.0,0.0,0.0,0.0,0.0,0.0,0.0,0.0,0.0,0.0,0.0,0.0,0.0,0.0,0.0,0.0,0.0,0.0,0.0,0.0,0.0,0.0,0.0,0.0,0.0,0.0,0.0,0.0,0.0,0.0,0.0,0.0,0.0,0.0,0.0,0.0,0.0,0.0,0.0,0.0,0.0,0.0,0.0,0.0,0.0,0.0,0.0,0.0,0.0,0.0,0.0,0.0,0.0,0.0,0.0,0.0,0.0,0.0
25,0.0,0.0,0.0,0.0,0.0,0.0,0.0,0.0,0.0,0.0,0.0,0.0,0.0,0.0,0.0,0.0,0.0,0.0,0.0,0.0,0.0,0.0,0.0,0.0,-1.0309671351410241,2.0189780925369827,0.0,0.0,0.0,0.0,0.0,0.0,0.0,0.0,0.0,0.0,0.0,0.0,0.0,0.0,0.0,0.0,0.0,0.0,0.0,0.0,0.0,0.0,0.0,0.0,0.0,0.0,0.0,0.0,0.0,0.0,0.0,0.0,0.0,0.0,0.0,0.0,0.0,0.0,0.0,0.0,0.0,0.0,0.0,0.0,0.0,0.0,0.0,0.0,0.0,0.0,0.0,0.0,0.0,0.0,0.0,0.0,0.0,0.0,0.0,0.0,0.0,0.0,0.0,0.0,0.0,0.0,0.0,0.0,0.0,0.0,0.0,0.0,0.0
26,0.0,0.0,0.0,0.0,0.0,0.0,0.0,0.0,0.0,0.0,0.0,0.0,0.0,0.0,0.0,0.0,0.0,0.0,0.0,0.0,0.0,0.0,0.0,0.0,0.0,-2.063840290666974,3.0518508884469497,0.0,0.0,0.0,0.0,0.0,0.0,0.0,0.0,0.0,0.0,0.0,0.0,0.0,0.0,0.0,0.0,0.0,0.0,0.0,0.0,0.0,0.0,0.0,0.0,0.0,0.0,0.0,0.0,0.0,0.0,0.0,0.0,0.0,0.0,0.0,0.0,0.0,0.0,0.0,0.0,0.0,0.0,0.0,0.0,0.0,0.0,0.0,0.0,0.0,0.0,0.0,0.0,0.0,0.0,0.0,0.0,0.0,0.0,0.0,0.0,0.0,0.0,0.0,0.0,0.0,0.0,0.0,0.0,0.0,0.0,0.0,0.0
27,0.0,0.0,0.0,0.0,-3.0479926742266183e-05,-0.00043065475144321574,-0.0008918426301282589,-0.0011596425000814925,0.005044862131341199,0.0,0.0,0.0,0.0,0.0,0.0,0.0,0.0,0.0,0.0,0.0,0.0,0.0,0.0,0.0,-0.010613682210024178,0.000530391668952801,0.0006295331608438537,0.9990847447977763,0.0,0.0,0.0,0.0,0.0,0.0,0.0,0.0,0.0,0.0,0.0,0.0,0.0,0.0,0.0,0.0,0.0,0.0,0.0,0.0,0.0,0.0,0.0,0.0,0.0,0.0,0.0,0.0,0.0,0.0,0.0,0.0,0.0,0.0,0.0,0.0,0.0,0.0,0.0,0.0,0.0,0.0,0.0,0.0,0.0,0.0,0.0,0.0,0.0,0.0,0.0,0.0,0.0,0.0,0.0,0.0,0.0,0.0,0.0,0.0,0.0,0.0,0.0,0.0,0.0,0.0,0.0,0.0,0.0,0.0,0.0
28,0.0,0.0,0.0,0.0,-2.0282112794811624e-05,-0.00025897820866982446,0.0006481101523514443,-0.0008759635525615317,-0.0019905670367234563,0.004411734484677243,0.0,0.0,0.0,0.0,0.0,0.0,0.0,0.0,0.0,0.0,0.0,0.0,0.0,0.0,-0.007062611996101753,0.0003529360024720485,0.0004189072517687964,0.0012535600040636252,0.9944928986141064,0.0,0.0,0.0,0.0,0.0,0.0,0.0,0.0,0.0,0.0,0.0,0.0,0.0,0.0,0.0,0.0,0.0,0.0,0.0,0.0,0.0,0.0,0.0,0.0,0.0,0.0,0.0,0.0,0.0,0.0,0.0,0.0,0.0,0.0,0.0,0.0,0.0,0.0,0.0,0.0,0.0,0.0,0.0,0.0,0.0,0.0,0.0,0.0,0.0,0.0,0.0,0.0,0.0,0.0,0.0,0.0,0.0,0.0,0.0,0.0,0.0,0.0,0.0,0.0,0.0,0.0,0.0,0.0,0.0,0.0
29,0.0,0.0,0.0,0.0,-1.5277281176229174e-05,-0.00021585462930961974,-0.00044701320336265615,-0.0005750267545109877,0.00212500327577414,-0.002961817692145874,0.004565015623327062,0.0,0.0,0.0,0.0,0.0,0.0,0.0,0.0,0.0,0.0,0.0,0.0,0.0,-0.0053198354870581666,0.0002658451948162055,0.0003155373202307077,0.0009442304056694883,0.0017748982041043693,0.9919415214386038,0.0,0.0,0.0,0.0,0.0,0.0,0.0,0.0,0.0,0.0,0.0,0.0,0.0,0.0,0.0,0.0,0.0,0.0,0.0,0.0,0.0,0.0,0.0,0.0,0.0,0.0,0.0,0.0,0.0,0.0,0.0,0.0,0.0,0.0,0.0,0.0,0.0,0.0,0.0,0.0,0.0,0.0,0.0,0.0,0.0,0.0,0.0,0.0,0.0,0.0,0.0,0.0,0.0,0.0,0.0,0.0,0.0,0.0,0.0,0.0,0.0,0.0,0.0,0.0,0.0,0.0,0.0,0.0,0.0
30,0.0,0.0,0.0,0.0,-1.0204465744623192e-05,-0.0001441802146423532,-0.0002985827071699809,-0.0003799237383028675,0.0016047698413179656,-0.0019741321789085164,0.000684049344945592,0.002742331275257248,0.0,0.0,0.0,0.0,0.0,0.0,0.0,0.0,0.0,0.0,0.0,0.0,-0.003553386940594039,0.00017757144019081572,0.00021076332172575984,0.0006306992011984036,0.0011855441992697502,0.00297885069736048,0.9886379195057915,0.0,0.0,0.0,0.0,0.0,0.0,0.0,0.0,0.0,0.0,0.0,0.0,0.0,0.0,0.0,0.0,0.0,0.0,0.0,0.0,0.0,0.0,0.0,0.0,0.0,0.0,0.0,0.0,0.0,0.0,0.0,0.0,0.0,0.0,0.0,0.0,0.0,0.0,0.0,0.0,0.0,0.0,0.0,0.0,0.0,0.0,0.0,0.0,0.0,0.0,0.0,0.0,0.0,0.0,0.0,0.0,0.0,0.0,0.0,0.0,0.0,0.0,0.0,0.0,0.0,0.0,0.0,0.0
31,0.0,3.7740643943351415e-08,1.078477585014781e-08,0.0,0.0,-0.00011353884672715697,-0.00022439464522627794,-0.0003306861451335408,0.0014282850978319939,-0.0015561241583500474,0.00084262351610076,-0.0007631146877601358,0.0024427881349653457,0.0,0.0,0.0,0.0,0.0,0.0,0.0,0.0,0.0,0.0,0.0,-0.002671417032029666,0.00013313187184615938,0.00015984793697021438,0.0004687214887055813,0.000902245488390574,0.0022333473907037993,0.00473936340172898,0.9846339263774179,0.0,0.0,0.0,0.0,0.0,0.0,0.0,0.0,0.0,0.0,0.0,0.0,0.0,0.0,0.0,0.0,0.0,0.0,0.0,0.0,0.0,0.0,0.0,0.0,0.0,0.0,0.0,0.0,0.0,0.0,0.0,0.0,0.0,0.0,0.0,0.0,0.0,0.0,0.0,0.0,0.0,0.0,0.0,0.0,0.0,0.0,0.0,0.0,0.0,0.0,0.0,0.0,0.0,0.0,0.0,0.0,0.0,0.0,0.0,0.0,0.0,0.0,0.0,0.0,0.0,0.0,0.0
32,0.0,1.87436871579294e-08,2.3418766925686896e-09,0.0,-3.1138650685713642e-06,-8.913759487472195e-05,-0.00018033062543221234,-0.0002447644916608871,0.001242166097412123,-0.0012076788354076218,0.0009016452601900982,-0.0002140640251863113,-0.0013878805795591864,0.0021576243274673557,0.0,0.0,0.0,0.0,0.0,0.0,0.0,0.0,0.0,0.0,-0.0021464305176993603,0.00010711603999624675,0.00012787359365828976,0.000380483587344993,0.0007161096073765583,0.001798524549775915,0.003811563790284689,0.006001380120287947,0.9801851711521009,0.0,0.0,0.0,0.0,0.0,0.0,0.0,0.0,0.0,0.0,0.0,0.0,0.0,0.0,0.0,0.0,0.0,0.0,0.0,0.0,0.0,0.0,0.0,0.0,0.0,0.0,0.0,0.0,0.0,0.0,0.0,0.0,0.0,0.0,0.0,0.0,0.0,0.0,0.0,0.0,0.0,0.0,0.0,0.0,0.0,0.0,0.0,0.0,0.0,0.0,0.0,0.0,0.0,0.0,0.0,0.0,0.0,0.0,0.0,0.0,0.0,0.0,0.0,0.0,0.0,0.0
33,0.0,0.0,0.0,0.0,-5.159900284823493e-06,-7.29049112746516e-05,-0.00015097873125313743,-0.00018466511653159046,0.0011427033798361297,-0.0009906896327599446,0.0010196658361411037,0.0001347859567013554,-0.0006211259978572414,-0.0021427114440392137,0.0016471672983908725,0.0,0.0,0.0,0.0,0.0,0.0,0.0,0.0,0.0,-0.001796774708184845,8.978922987068483e-05,0.000106572747154976,0.0003189138692710758,0.0005994719599194953,0.001506259714179059,0.0031868701635962005,0.005029825117172648,0.007424084290039157,0.9749609463077097,0.0,0.0,0.0,0.0,0.0,0.0,0.0,0.0,0.0,0.0,0.0,0.0,0.0,0.0,0.0,0.0,0.0,0.0,0.0,0.0,0.0,0.0,0.0,0.0,0.0,0.0,0.0,0.0,0.0,0.0,0.0,0.0,0.0,0.0,0.0,0.0,0.0,0.0,0.0,0.0,0.0,0.0,0.0,0.0,0.0,0.0,0.0,0.0,0.0,0.0,0.0,0.0,0.0,0.0,0.0,0.0,0.0,0.0,0.0,0.0,0.0,0.0,0.0,0.0,0.0
34,0.0,0.0,0.0,0.0,-4.441480169758982e-06,-6.275423236612454e-05,-0.0001299576973812222,-0.00015671985757748086,0.0010830161351060852,-0.000850493439563671,0.001079906910422812,0.00041547008715336897,-0.00013506342051716747,-0.0013540062213796,-0.0030129805213274796,0.0016192255262309496,0.0,0.0,0.0,0.0,0.0,0.0,0.0,0.0,-0.001546606610142165,7.728771615755914e-05,9.173443601961928e-05,0.0002745109296126147,0.0005160064250886442,0.0012965405259829366,0.0027431566289315423,0.0043295137266974315,0.006390415989779297,0.00903850518561844,0.968645790239489,0.0,0.0,0.0,0.0,0.0,0.0,0.0,0.0,0.0,0.0,0.0,0.0,0.0,0.0,0.0,0.0,0.0,0.0,0.0,0.0,0.0,0.0,0.0,0.0,0.0,0.0,0.0,0.0,0.0,0.0,0.0,0.0,0.0,0.0,0.0,0.0,0.0,0.0,0.0,0.0,0.0,0.0,0.0,0.0,0.0,0.0,0.0,0.0,0.0,0.0,0.0,0.0,0.0,0.0,0.0,0.0,0.0,0.0,0.0,0.0,0.0,0.0,0.0,0.0
35,0.0,0.0,0.0,0.0,-3.9060039924709855e-06,-5.5188426745234054e-05,-0.00011428967668092316,-0.00013580370682164666,0.0010424070114034567,-0.000745910047270093,0.0011326970975750195,0.0006363613490323328,0.00024281332847153614,-0.0007470126583281056,-0.002123253390814983,-0.0035242683771308236,0.0012942079803679452,0.0,0.0,0.0,0.0,0.0,0.0,0.0,-0.0013601438933474874,6.796971839528876e-05,8.067470476380567e-05,0.00024141521420828482,0.0004537954161748514,0.001140226395940358,0.0024124348838028276,0.0038075368483103667,0.005619971639100885,0.007948800654147825,0.010136862094514698,0.9617270686490542,0.0,0.0,0.0,0.0,0.0,0.0,0.0,0.0,0.0,0.0,0.0,0.0,0.0,0.0,0.0,0.0,0.0,0.0,0.0,0.0,0.0,0.0,0.0,0.0,0.0,0.0,0.0,0.0,0.0,0.0,0.0,0.0,0.0,0.0,0.0,0.0,0.0,0.0,0.0,0.0,0.0,0.0,0.0,0.0,0.0,0.0,0.0,0.0,0.0,0.0,0.0,0.0,0.0,0.0,0.0,0.0,0.0,0.0,0.0,0.0,0.0,0.0,0.0
36,0.0,0.0,0.0,0.0,-3.4908083368367926e-06,-4.932207593733029e-05,-0.000102141052560345,-0.00011982867302584577,0.0010001117746460952,-0.0006650642588729161,0.0011516457665977642,0.0007750801910011429,0.0004923691784147755,-0.0003296752072723397,-0.0014966290862866716,-0.0026819691970741966,-0.004099938725327101,0.0015771296942024282,0.0,0.0,0.0,0.0,0.0,0.0,-0.001215564978535033,6.074475644712862e-05,7.209924324236283e-05,0.00021575355391156847,0.00040555842364953243,0.0010190240005980566,0.002156000825787041,0.003402807943406194,0.005022586752750913,0.007103868743252306,0.009059346299175597,0.011233207702562864,0.9541110161034871,0.0,0.0,0.0,0.0,0.0,0.0,0.0,0.0,0.0,0.0,0.0,0.0,0.0,0.0,0.0,0.0,0.0,0.0,0.0,0.0,0.0,0.0,0.0,0.0,0.0,0.0,0.0,0.0,0.0,0.0,0.0,0.0,0.0,0.0,0.0,0.0,0.0,0.0,0.0,0.0,0.0,0.0,0.0,0.0,0.0,0.0,0.0,0.0,0.0,0.0,0.0,0.0,0.0,0.0,0.0,0.0,0.0,0.0,0.0,0.0,0.0,0.0
37,0.0,4.381738027969817e-08,1.2519499326124617e-08,0.0,0.0,-4.675507897511366e-05,-9.240528481280208e-05,-0.00013617592123371658,0.0009967703190616461,-0.0006408089388981741,0.0011569120921678389,0.0008992420436754189,0.0006001459398885522,-4.900436133270514e-05,-0.001040402642510374,-0.002116864614154501,-0.0032625485906628837,-0.003957323198300333,0.0019090406894184397,0.0,0.0,0.0,0.0,0.0,-0.001100084403779511,5.482344786478244e-05,6.582507282304473e-05,0.0001930186097759412,0.00037154295959296313,0.0009196881641665433,0.001951660742738337,0.003074775481101688,0.004545278452228185,0.006427586508178651,0.008195482884346128,0.010167730759777505,0.011942582710949834,0.9461542876502971,0.0,0.0,0.0,0.0,0.0,0.0,0.0,0.0,0.0,0.0,0.0,0.0,0.0,0.0,0.0,0.0,0.0,0.0,0.0,0.0,0.0,0.0,0.0,0.0,0.0,0.0,0.0,0.0,0.0,0.0,0.0,0.0,0.0,0.0,0.0,0.0,0.0,0.0,0.0,0.0,0.0,0.0,0.0,0.0,0.0,0.0,0.0,0.0,0.0,0.0,0.0,0.0,0.0,0.0,0.0,0.0,0.0,0.0,0.0,0.0,0.0
38,0.0,0.0,0.0,0.0,-2.8889998032743947e-06,-4.0819046059903386e-05,-8.453213823367278e-05,-9.698443437233806e-05,0.0009249721058535165,-0.0005481963424869285,0.0011509710406976126,0.0009344751812634389,0.0007984832083723914,0.00020699664031453846,-0.0006693262975115966,-0.0015555345050238811,-0.002650180526420076,-0.003235463088419044,-0.003305526087224453,0.0007225050228237828,0.0,0.0,0.0,0.0,-0.0010060040023240902,5.0272482357560655e-05,5.966947942692702e-05,0.0001785580728413949,0.00033564096293958734,0.0008433462990453666,0.001784310589905691,0.0028161706491086624,0.00415670282395697,0.005879175958567462,0.0074975330856957845,0.00929662512250129,0.010926654307047423,0.012402690652280057,0.9380739102605312,0.0,0.0,0.0,0.0,0.0,0.0,0.0,0.0,0.0,0.0,0.0,0.0,0.0,0.0,0.0,0.0,0.0,0.0,0.0,0.0,0.0,0.0,0.0,0.0,0.0,0.0,0.0,0.0,0.0,0.0,0.0,0.0,0.0,0.0,0.0,0.0,0.0,0.0,0.0,0.0,0.0,0.0,0.0,0.0,0.0,0.0,0.0,0.0,0.0,0.0,0.0,0.0,0.0,0.0,0.0,0.0,0.0,0.0,0.0,0.0
39,0.0,0.0,0.0,0.0,-2.6650088386093174e-06,-3.7654282469823386e-05,-7.797822977606561e-05,-8.852286959015743e-05,0.0008951860242661924,-0.0005047403484753632,0.0011470186727507992,0.0009883197229360041,0.0009051027011208745,0.0003977662435539209,-0.0003720592445244364,-0.0011487057416381674,-0.0021244884514798335,-0.0026314896876128424,-0.00567657062154614,-0.0007133996744040916,0.0,0.0,0.0,0.0,-0.0009280069473288632,4.637477901692222e-05,5.5043213043060035e-05,0.00016471419020391842,0.0003096181991346647,0.0007779603506535837,0.0016459702177618052,0.0025978285633776466,0.0038344271958978826,0.00542335431077956,0.006916237695400729,0.008575843332345179,0.010079493819453722,0.011441090774430562,0.013519467611383673,0.9291483447932541,0.0,0.0,0.0,0.0,0.0,0.0,0.0,0.0,0.0,0.0,0.0,0.0,0.0,0.0,0.0,0.0,0.0,0.0,0.0,0.0,0.0,0.0,0.0,0.0,0.0,0.0,0.0,0.0,0.0,0.0,0.0,0.0,0.0,0.0,0.0,0.0,0.0,0.0,0.0,0.0,0.0,0.0,0.0,0.0,0.0,0.0,0.0,0.0,0.0,0.0,0.0,0.0,0.0,0.0,0.0,0.0,0.0,0.0,0.0
40,0.0,0.0,0.0,0.0,-2.475963878367793e-06,-3.498321771155943e-05,-7.244672396711227e-05,-8.14672548171691e-05,0.0008662213064891677,-0.0004681504107983958,0.0011359022021595333,0.0010222423341837983,0.0009797145872347812,0.0005399075474893378,-0.0001435513929948229,-0.0008314547314536291,-0.0017100179675044735,-0.0021539515206170368,-0.004778398631638536,-0.005409584086235597,0.0006105383958815436,0.0,0.0,0.0,-0.0008621773260608645,4.308511013240146e-05,5.11386349932863e-05,0.00015302992900645407,0.0002876549467373257,0.0007227745155852228,0.0015292107458791948,0.0024135475337055956,0.003562426111047845,0.005038640197782551,0.006425623566216898,0.007967502484163003,0.00936448917542021,0.010629499122907782,0.012560443051964909,0.013379513883957084,0.9205836577989152,0.0,0.0,0.0,0.0,0.0,0.0,0.0,0.0,0.0,0.0,0.0,0.0,0.0,0.0,0.0,0.0,0.0,0.0,0.0,0.0,0.0,0.0,0.0,0.0,0.0,0.0,0.0,0.0,0.0,0.0,0.0,0.0,0.0,0.0,0.0,0.0,0.0,0.0,0.0,0.0,0.0,0.0,0.0,0.0,0.0,0.0,0.0,0.0,0.0,0.0,0.0,0.0,0.0,0.0,0.0,0.0,0.0,0.0
41,0.0,0.0,0.0,0.0,-2.314407346326597e-06,-3.270054019233193e-05,-6.7719527901966e-05,-7.551879260825345e-05,0.0008378537186964907,-0.0004369630508122002,0.0011190500852353846,0.0010403449057089231,0.0010289493805604177,0.0006435516546748898,3.0577420803701294e-05,-0.0005850082692576697,-0.0013834187597566716,-0.0017762915045099748,-0.004062682846389665,-0.008049925529982072,-0.00010025330392238185,0.0,0.0,0.0,-0.0008059196972970417,4.02737773685935e-05,4.780180591634764e-05,0.00014304462822578579,0.0002688852734217262,0.0006756130082469225,0.001429428752447448,0.0022560619900025003,0.003329975491531134,0.004709865653734768,0.006006347455858596,0.00744761777422831,0.008753450173037969,0.009935917399603311,0.011740865984294357,0.012506491913269469,0.013465066152351657,0.9121272228924254,0.0,0.0,0.0,0.0,0.0,0.0,0.0,0.0,0.0,0.0,0.0,0.0,0.0,0.0,0.0,0.0,0.0,0.0,0.0,0.0,0.0,0.0,0.0,0.0,0.0,0.0,0.0,0.0,0.0,0.0,0.0,0.0,0.0,0.0,0.0,0.0,0.0,0.0,0.0,0.0,0.0,0.0,0.0,0.0,0.0,0.0,0.0,0.0,0.0,0.0,0.0,0.0,0.0,0.0,0.0,0.0,0.0
42,0.0,4.081804338973427e-08,1.165907648204012e-08,0.0,0.0,-3.218343820610148e-05,-6.360634415003563e-05,-9.373546903945762e-05,0.0008400858377000109,-0.0004410950597832919,0.0011015392539087676,0.0010762448311024686,0.0010082053334553587,0.0007046828988388487,0.00016278113058876276,-0.0004408526287080772,-0.0010921779348971317,-0.0014546740131904379,-0.003598318967443226,-0.009083371209708813,-0.0014209581081225942,0.0,0.0,0.0,-0.0007572331858773929,3.773722653810374e-05,4.5310095952988405e-05,0.0001328626202112826,0.00025574824723262335,0.0006330590600345243,0.001343408086162956,0.002116493995688029,0.0031287014645720035,0.004424371253045067,0.005641286793603428,0.006998865847984703,0.008220569194111738,0.009325937825807595,0.011031768198596636,0.011745299224527606,0.012646272425087535,0.014241178011159539,0.903075407768586,0.0,0.0,0.0,0.0,0.0,0.0,0.0,0.0,0.0,0.0,0.0,0.0,0.0,0.0,0.0,0.0,0.0,0.0,0.0,0.0,0.0,0.0,0.0,0.0,0.0,0.0,0.0,0.0,0.0,0.0,0.0,0.0,0.0,0.0,0.0,0.0,0.0,0.0,0.0,0.0,0.0,0.0,0.0,0.0,0.0,0.0,0.0,0.0,0.0,0.0,0.0,0.0,0.0,0.0,0.0,0.0
43,0.0,0.0,0.0,0.0,-1.6891349430281366e-06,-2.3866034148944948e-05,-4.9424155740274145e-05,-5.3312444736608455e-05,0.0006917690933971876,-0.0003170859443069052,0.0009800021801009695,0.0010010782341973723,0.0010736143293832434,0.0008656467730128181,0.0004920901880423045,0.00012102694194049413,-0.00039660002018604423,-0.0006203381940073083,-0.0018134195325925084,-0.005316843521008252,-0.010275556187183676,-0.004174187807903795,0.0,0.0,-0.0005881892993497839,2.9393258660359578e-05,3.488748526181418e-05,0.00010439914210902401,0.00019624218569602725,0.0004930867797403593,0.0010432487339284702,0.0016465555238709406,0.002430336390468746,0.0034374300628137178,0.004383649311601179,0.005435540441356412,0.006388584092298366,0.007251591382928524,0.008568908051870272,0.00912768950700471,0.00982729160894924,0.011060674379864688,0.03600042893306399,0.8881297826855705,0.0,0.0,0.0,0.0,0.0,0.0,0.0,0.0,0.0,0.0,0.0,0.0,0.0,0.0,0.0,0.0,0.0,0.0,0.0,0.0,0.0,0.0,0.0,0.0,0.0,0.0,0.0,0.0,0.0,0.0,0.0,0.0,0.0,0.0,0.0,0.0,0.0,0.0,0.0,0.0,0.0,0.0,0.0,0.0,0.0,0.0,0.0,0.0,0.0,0.0,0.0,0.0,0.0,0.0,0.0
44,0.0,0.0,0.0,0.0,-1.2098065604870811e-06,-1.709349328748999e-05,-3.5398906028660804e-05,-3.738391193830459e-05,0.0005310586866091871,-0.00022629598889212232,0.0007743057930942321,0.0008242178398121247,0.0009120223430636454,0.0007955777252266483,0.0005607575306876278,0.0003296738750047101,-1.2205493560291103e-05,-0.00014451941726667528,-0.0007881391234088042,-0.0028274138412498484,-0.005470242890603938,-0.007787414525728398,-0.007846287113089101,-0.000668565421774181,-0.0004212769265377059,2.1052236343077624e-05,2.49873489954755e-05,7.477345825845916e-05,0.00014055390532008438,0.0003531619510721562,0.0007472026747334937,0.001179307155402265,0.0017406719954315975,0.002461979453638463,0.003139687013847814,0.003893079608685568,0.004575674988210876,0.005193783920304229,0.006137281391427329,0.006537495631647738,0.007038569390521721,0.007921951157563445,0.025784471172768386,0.07724808681261464,0.841740614307418,0.0,0.0,0.0,0.0,0.0,0.0,0.0,0.0,0.0,0.0,0.0,0.0,0.0,0.0,0.0,0.0,0.0,0.0,0.0,0.0,0.0,0.0,0.0,0.0,0.0,0.0,0.0,0.0,0.0,0.0,0.0,0.0,0.0,0.0,0.0,0.0,0.0,0.0,0.0,0.0,0.0,0.0,0.0,0.0,0.0,0.0,0.0,0.0,0.0,0.0,0.0,0.0,0.0,0.0
45,0.0,0.0,0.0,0.0,8.378803813963165e-05,0.0010794161025076687,-0.0023275087638469083,0.0,0.0,0.0,0.0,0.0,0.0,0.0,0.0,0.0,0.0,0.0,0.0,0.0,0.0,0.0,0.0,0.0,-0.0005333867956688887,0.0030453081055134557,0.0,0.0,0.0,0.0,0.0,0.0,0.0,0.0,0.0,0.0,0.0,0.0,0.0,0.0,0.0,0.0,0.0,0.0,0.0,0.9905557924543528,0.0,0.0,0.0,0.0,0.0,0.0,0.0,0.0,0.0,0.0,0.0,0.0,0.0,0.0,0.0,0.0,0.0,0.0,0.0,0.0,0.0,0.0,0.0,0.0,0.0,0.0,0.0,0.0,0.0,0.0,0.0,0.0,0.0,0.0,0.0,0.0,0.0,0.0,0.0,0.0,0.0,0.0,0.0,0.0,0.0,0.0,0.0,0.0,0.0,0.0,0.0,0.0,0.0
46,0.0,0.0,0.0,0.0,4.148044928375949e-05,0.000533391256943988,-0.0011578135165023207,0.0016646926515213878,-0.0021881251012489944,0.0,0.0,0.0,0.0,0.0,0.0,0.0,0.0,0.0,0.0,0.0,0.0,0.0,0.0,0.0,-0.000269162006485274,0.0005122417819775071,-0.0006285679064917116,0.002844430220007299,0.0,0.0,0.0,0.0,0.0,0.0,0.0,0.0,0.0,0.0,0.0,0.0,0.0,0.0,0.0,0.0,0.0,-0.009824755688690734,1.0003972938966987,0.0,0.0,0.0,0.0,0.0,0.0,0.0,0.0,0.0,0.0,0.0,0.0,0.0,0.0,0.0,0.0,0.0,0.0,0.0,0.0,0.0,0.0,0.0,0.0,0.0,0.0,0.0,0.0,0.0,0.0,0.0,0.0,0.0,0.0,0.0,0.0,0.0,0.0,0.0,0.0,0.0,0.0,0.0,0.0,0.0,0.0,0.0,0.0,0.0,0.0,0.0,0.0
47,0.0,0.0,0.0,0.0,2.7190033644736156e-05,0.00034910566061238657,-0.0007826448538729436,0.0010907042339615425,-0.0004460964735629458,-0.0013161960536224593,0.0,0.0,0.0,0.0,0.0,0.0,0.0,0.0,0.0,0.0,0.0,0.0,0.0,0.0,-0.00017915246326369316,0.0003409447659093179,-0.0004183706688379307,0.0001948093322941269,0.0024985842886869614,0.0,0.0,0.0,0.0,0.0,0.0,0.0,0.0,0.0,0.0,0.0,0.0,0.0,0.0,0.0,0.0,-0.0065392928376949155,0.0014467636372771098,0.995717625655243,0.0,0.0,0.0,0.0,0.0,0.0,0.0,0.0,0.0,0.0,0.0,0.0,0.0,0.0,0.0,0.0,0.0,0.0,0.0,0.0,0.0,0.0,0.0,0.0,0.0,0.0,0.0,0.0,0.0,0.0,0.0,0.0,0.0,0.0,0.0,0.0,0.0,0.0,0.0,0.0,0.0,0.0,0.0,0.0,0.0,0.0,0.0,0.0,0.0,0.0,0.0
48,0.0,0.0,0.0,0.0,2.0242801792441645e-05,0.000259613782728485,-0.0005958570329853141,0.0008117521520419058,-0.00035697866320946736,0.0001418545393996884,-0.0013290447366774705,0.0,0.0,0.0,0.0,0.0,0.0,0.0,0.0,0.0,0.0,0.0,0.0,0.0,-0.00013488988702056726,0.00025670873066152566,-0.00031500528661215776,0.00014667847188579164,3.0226858342696783e-06,0.0024700386037738997,0.0,0.0,0.0,0.0,0.0,0.0,0.0,0.0,0.0,0.0,0.0,0.0,0.0,0.0,0.0,-0.0049236525594478775,0.0010893167921507962,0.0017749282009427159,0.9927390276021423,0.0,0.0,0.0,0.0,0.0,0.0,0.0,0.0,0.0,0.0,0.0,0.0,0.0,0.0,0.0,0.0,0.0,0.0,0.0,0.0,0.0,0.0,0.0,0.0,0.0,0.0,0.0,0.0,0.0,0.0,0.0,0.0,0.0,0.0,0.0,0.0,0.0,0.0,0.0,0.0,0.0,0.0,0.0,0.0,0.0,0.0,0.0,0.0,0.0,0.0
49,0.0,0.0,0.0,0.0,1.3211897288006869e-05,0.00016904657448163496,-0.0004067060742005135,0.0005294426724290757,-0.0002665735609683195,4.423677136405901e-05,0.00017050521931849527,-0.0011905476678293614,0.0,0.0,0.0,0.0,0.0,0.0,0.0,0.0,0.0,0.0,0.0,0.0,-9.008119770947953e-05,0.00017143338224695492,-0.00021036457038131617,9.795376402360612e-05,2.018586686691748e-06,2.7998463790479544e-05,0.0024028472904967513,0.0,0.0,0.0,0.0,0.0,0.0,0.0,0.0,0.0,0.0,0.0,0.0,0.0,0.0,-0.0032880783204687625,0.0007274597231023139,0.0011853198140891752,0.003001213365067673,0.9891703263041272,0.0,0.0,0.0,0.0,0.0,0.0,0.0,0.0,0.0,0.0,0.0,0.0,0.0,0.0,0.0,0.0,0.0,0.0,0.0,0.0,0.0,0.0,0.0,0.0,0.0,0.0,0.0,0.0,0.0,0.0,0.0,0.0,0.0,0.0,0.0,0.0,0.0,0.0,0.0,0.0,0.0,0.0,0.0,0.0,0.0,0.0,0.0,0.0,0.0
50,0.0,-1.3041434251959139e-08,-3.725318664660193e-09,0.0,0.0,0.0001446220896945266,-0.000329802558743722,0.00041736006881412657,-0.00021279514738833938,-3.207555488576874e-05,0.00010032235003669399,0.0003503592171157782,-0.0012967040882889969,0.0,0.0,0.0,0.0,0.0,0.0,0.0,0.0,0.0,0.0,0.0,-7.039576582247575e-05,0.0001260813859999682,-0.00015363244899348205,6.571908815755645e-05,2.7248101344690134e-05,1.6415254572299531e-06,-8.507296603288417e-05,0.0025055440023083464,0.0,0.0,0.0,0.0,0.0,0.0,0.0,0.0,0.0,0.0,0.0,0.0,0.0,-0.0024743694150911044,0.0005363908852674959,0.0009276193617489131,0.0022303495979345694,0.004644445386441098,0.9850940966313164,0.0,0.0,0.0,0.0,0.0,0.0,0.0,0.0,0.0,0.0,0.0,0.0,0.0,0.0,0.0,0.0,0.0,0.0,0.0,0.0,0.0,0.0,0.0,0.0,0.0,0.0,0.0,0.0,0.0,0.0,0.0,0.0,0.0,0.0,0.0,0.0,0.0,0.0,0.0,0.0,0.0,0.0,0.0,0.0,0.0,0.0,0.0,0.0
51,0.0,-5.663438468195281e-09,-7.079840186330344e-10,0.0,3.918807769606736e-06,0.00010683248231370401,-0.0002596956746869772,0.00032099111216266074,-0.00018641648641404274,-9.391000347150347e-06,3.098042807535284e-05,0.00021817658075150292,0.00041608482219575305,-0.001450907619960154,0.0,0.0,0.0,0.0,0.0,0.0,0.0,0.0,0.0,0.0,-5.547976986673697e-05,0.0001024081312372277,-0.000125228407288,5.866588226495495e-05,1.123798103186413e-06,1.6529633781528497e-05,-6.646166126125785e-05,-8.45824608269874e-05,0.00260693630333049,0.0,0.0,0.0,0.0,0.0,0.0,0.0,0.0,0.0,0.0,0.0,0.0,-0.001986510402571598,0.0004394419294596885,0.00071558489580896,0.0018109139220730958,0.0037363277853585952,0.005902982291340619,0.9805356893971725,0.0,0.0,0.0,0.0,0.0,0.0,0.0,0.0,0.0,0.0,0.0,0.0,0.0,0.0,0.0,0.0,0.0,0.0,0.0,0.0,0.0,0.0,0.0,0.0,0.0,0.0,0.0,0.0,0.0,0.0,0.0,0.0,0.0,0.0,0.0,0.0,0.0,0.0,0.0,0.0,0.0,0.0,0.0,0.0,0.0,0.0,0.0
52,0.0,0.0,0.0,0.0,6.46317352935577e-06,8.24150038578747e-05,-0.00021161750932315038,0.00025874056846716953,-0.00015428153459645655,-1.2731109135660779e-05,1.0449102520737608e-05,0.00018340410743930557,0.00030841166079320637,0.00046567176807330024,-0.001830531299240254,0.0,0.0,0.0,0.0,0.0,0.0,0.0,0.0,0.0,-4.551913837178012e-05,8.662739319278967e-05,-0.00010629980207697842,4.949724072451922e-05,1.0200137175869761e-06,1.4147969037633934e-05,-6.540934070417559e-05,-5.9777616450568116e-05,-0.00028251504976574415,0.002945721500925702,0.0,0.0,0.0,0.0,0.0,0.0,0.0,0.0,0.0,0.0,0.0,-0.0016615063775770461,0.0003675943364804535,0.0005989566644309247,0.001516549989321464,0.0031132989077378714,0.004957165578847386,0.0071225553677656955,0.9754096886725913,0.0,0.0,0.0,0.0,0.0,0.0,0.0,0.0,0.0,0.0,0.0,0.0,0.0,0.0,0.0,0.0,0.0,0.0,0.0,0.0,0.0,0.0,0.0,0.0,0.0,0.0,0.0,0.0,0.0,0.0,0.0,0.0,0.0,0.0,0.0,0.0,0.0,0.0,0.0,0.0,0.0,0.0,0.0,0.0,0.0,0.0
53,0.0,0.0,0.0,0.0,5.536862635047157e-06,7.056907272082191e-05,-0.00018282275454813146,0.00022162613844828316,-0.00013506376225769223,-1.5072760097337157e-05,1.0766301045128657e-07,0.0001415057207694581,0.00024387744883454243,0.0003741679234243317,0.00026334021053196766,-0.0019276834601223564,0.0,0.0,0.0,0.0,0.0,0.0,0.0,0.0,-3.917128340441556e-05,7.454680774586497e-05,-9.147580653026677e-05,4.259462335794162e-05,8.777702956846989e-07,1.2174969799688684e-05,-5.628770778469405e-05,-5.144135117873816e-05,-0.0002431170271609967,-5.1580937654796544e-05,0.003011028216906922,0.0,0.0,0.0,0.0,0.0,0.0,0.0,0.0,0.0,0.0,-0.00142980168655292,0.00031633161910217533,0.0005154294083556388,0.0013050601322273786,0.002679135084789064,0.0042658660850698055,0.006129282328426813,0.008961441803033432,0.9689258951375326,0.0,0.0,0.0,0.0,0.0,0.0,0.0,0.0,0.0,0.0,0.0,0.0,0.0,0.0,0.0,0.0,0.0,0.0,0.0,0.0,0.0,0.0,0.0,0.0,0.0,0.0,0.0,0.0,0.0,0.0,0.0,0.0,0.0,0.0,0.0,0.0,0.0,0.0,0.0,0.0,0.0,0.0,0.0,0.0,0.0
54,0.0,0.0,0.0,0.0,4.865675353946108e-06,6.201121452269198e-05,-0.00016081250762446653,0.00019475718932536468,-0.00011897740952171443,-1.3657737484365495e-05,-7.801979548527349e-07,0.0001228078227218793,0.00021230304016531254,0.0003263612123605153,0.00022842377273533943,0.0002885203699218297,-0.002230879055271917,0.0,0.0,0.0,0.0,0.0,0.0,0.0,-3.444029588427211e-05,6.554326742805316e-05,-8.042763655589924e-05,3.7450171436193e-05,7.717539714929833e-07,1.0704513664361315e-05,-4.948944834666513e-05,-4.5228425605420286e-05,-0.00021375408626282677,-4.535114406407914e-05,-0.00026570114055983474,0.0033233140796576355,0.0,0.0,0.0,0.0,0.0,0.0,0.0,0.0,0.0,-0.0012571145535135442,0.0002781260406443248,0.0004531773996861721,0.0011474389075612906,0.002355557233643668,0.0037506476516149106,0.005389006104208893,0.007879105903309258,0.009840116294923887,0.962105044757149,0.0,0.0,0.0,0.0,0.0,0.0,0.0,0.0,0.0,0.0,0.0,0.0,0.0,0.0,0.0,0.0,0.0,0.0,0.0,0.0,0.0,0.0,0.0,0.0,0.0,0.0,0.0,0.0,0.0,0.0,0.0,0.0,0.0,0.0,0.0,0.0,0.0,0.0,0.0,0.0,0.0,0.0,0.0,0.0
55,0.0,0.0,0.0,0.0,4.34532791693254e-06,5.53765496999481e-05,-0.00014374990000426413,0.00017392652292350097,-0.00010650850058684103,-1.2564066106945937e-05,-1.475643825882278e-06,0.00010829938009750129,0.00018780806467291744,0.0002892782844862718,0.00020132983604911892,0.00025458441322949443,6.284523639335515e-05,-0.0022741649004492243,0.0,0.0,0.0,0.0,0.0,0.0,-3.077265178785815e-05,5.856338027368513e-05,-7.18626709788478e-05,3.346199727895238e-05,6.895677605311956e-07,9.564559864602695e-06,-4.421917758172522e-05,-4.041191990419857e-05,-0.0001909908114907516,-4.0521579581370704e-05,-0.00023740587447307337,1.9428879078492445e-05,0.0033150383015913276,0.0,0.0,0.0,0.0,0.0,0.0,0.0,0.0,-0.0011232408839850772,0.0002485076153104643,0.0004049172622633962,0.0010252449065498853,0.0021047073096944896,0.0033512306198309194,0.004815115666649897,0.007040037725090237,0.008792214597000414,0.011215777807578944,0.9542953944173191,0.0,0.0,0.0,0.0,0.0,0.0,0.0,0.0,0.0,0.0,0.0,0.0,0.0,0.0,0.0,0.0,0.0,0.0,0.0,0.0,0.0,0.0,0.0,0.0,0.0,0.0,0.0,0.0,0.0,0.0,0.0,0.0,0.0,0.0,0.0,0.0,0.0,0.0,0.0,0.0,0.0,0.0,0.0
56,0.0,-6.722920831148116e-09,-1.919471526168337e-09,0.0,0.0,5.815742809209268e-05,-0.00013816710601154136,0.00016796138785357684,-9.555238588213055e-05,-2.8069525002949458e-05,9.84613150560587e-06,8.593805463259774e-05,0.0001816540839191111,0.0002616818977219798,0.00017380974220645995,0.000246707984770389,2.7137806325044922e-05,1.3353112669409195e-05,-0.0022553483447138034,0.0,0.0,0.0,0.0,0.0,-2.894820581161861e-05,5.184729468671323e-05,-6.317686781706633e-05,2.7025060791649458e-05,1.1204989193436266e-05,6.750309946429445e-07,-3.4983776075678263e-05,-4.516800171730506e-05,-0.00017111794793633894,-3.4291578908038356e-05,-0.00021852537617980672,2.520679216570787e-05,6.893525919364485e-05,0.0032483701199823717,0.0,0.0,0.0,0.0,0.0,0.0,0.0,-0.0010175123191930036,0.00022057512305377613,0.00038145643393126816,0.0009171662821577664,0.0019098928300421286,0.0030189193022615163,0.004358360738932962,0.0063709520992105695,0.007948469326300722,0.010157593667656922,0.011970004572389378,0.946113746178208,0.0,0.0,0.0,0.0,0.0,0.0,0.0,0.0,0.0,0.0,0.0,0.0,0.0,0.0,0.0,0.0,0.0,0.0,0.0,0.0,0.0,0.0,0.0,0.0,0.0,0.0,0.0,0.0,0.0,0.0,0.0,0.0,0.0,0.0,0.0,0.0,0.0,0.0,0.0,0.0,0.0,0.0
57,0.0,0.0,0.0,0.0,3.338976881442357e-06,4.258397128843738e-05,-0.00010900605439990996,0.00013367595919078212,-7.910289177154306e-05,-5.711363239985223e-06,7.2358579631531805e-06,9.799361192289191e-05,0.0001635551370986893,0.00024571883612024836,0.00018334748758293273,0.0002287293258441958,8.673936395531268e-05,8.146109004361635e-05,-2.2116884929382352e-05,-0.0028865507007216906,0.0,0.0,0.0,0.0,-2.347932482119064e-05,4.4683469598016945e-05,-5.4830734353902844e-05,2.5531282383389753e-05,5.261381608168136e-07,7.297695217220457e-06,-3.373893634091296e-05,-3.083402044974648e-05,-0.00014572470812511396,-3.091768768087588e-05,-0.00018113909157346786,1.482410093116282e-05,5.16452739948714e-05,-0.00031890110886202694,3.8349219416353164e-05,0.003638929539639957,0.0,0.0,0.0,0.0,0.0,-0.0008570252734482059,0.00018960964677690317,0.00030894916030858866,0.0007822550001420486,0.0016058775869406267,0.002556966528701604,0.003673901017827233,0.0053715016544962635,0.006708400877549273,0.008557563380790986,0.010092230744466676,0.017836744428678664,0.9359404300598659,0.0,0.0,0.0,0.0,0.0,0.0,0.0,0.0,0.0,0.0,0.0,0.0,0.0,0.0,0.0,0.0,0.0,0.0,0.0,0.0,0.0,0.0,0.0,0.0,0.0,0.0,0.0,0.0,0.0,0.0,0.0,0.0,0.0,0.0,0.0,0.0,0.0,0.0,0.0,0.0,0.0
58,0.0,-4.249638835274183e-09,-1.2138727523147708e-09,0.0,0.0,4.0362158927609304e-05,-9.433085020570109e-05,0.00011653213680476449,-6.35070258100251e-05,-1.5212571003245245e-05,1.5413244899148415e-05,7.51026619366657e-05,0.00014593085268833905,0.00020594559065924278,0.00015044451968926342,0.00020544798739856318,5.902879704131059e-05,5.379511983441554e-05,2.894915383799823e-05,-0.00042202039020507176,-0.002558382179718155,0.0,0.0,0.0,-1.99105363273e-05,3.566049994359333e-05,-4.345296279913147e-05,1.8587799485367262e-05,7.706775972601831e-06,4.642852942382536e-07,-2.4061793139559806e-05,-3.1066487490155614e-05,-0.00011769468711252118,-2.358570305206753e-05,-0.00015030145292423136,1.733719483081042e-05,4.741357827187098e-05,-0.0002764420270386786,4.0900448826375335e-05,2.007139441630168e-05,9.59531586131046e-05,0.00024882802025436024,0.0033064833278046574,0.0,0.0,-0.0006998435726334601,0.00015171126594576423,0.00026236521006965663,0.0006308257063415701,0.001313621659799341,0.00207640854098419,0.002997674517467297,0.0043819320849798615,0.005466946262659353,0.006986378944112692,0.008232952669866983,0.014527428517964458,0.03051725057791159,0.9163370548687186,0.0,0.0,0.0,0.0,0.0,0.0,0.0,0.0,0.0,0.0,0.0,0.0,0.0,0.0,0.0,0.0,0.0,0.0,0.0,0.0,0.0,0.0,0.0,0.0,0.0,0.0,0.0,0.0,0.0,0.0,0.0,0.0,0.0,0.0,0.0,0.0,0.0,0.0,0.0,0.0
59,0.0,0.0,0.0,0.0,2.1208763911761963e-06,2.7057439839009434e-05,-6.88516023708563e-05,8.491729043026697e-05,-4.951395890517851e-05,-2.575088363029887e-06,6.830714813221839e-06,6.618922445723874e-05,0.00010902560169771813,0.00016233454489499033,0.00012410767726012129,0.0001541246008856384,6.536096924109058e-05,6.312288886034523e-05,5.489508153599942e-06,-0.0002928859487837804,-0.0002050886043023642,-0.002559986839699435,0.0,0.0,-1.4869314980681114e-05,2.829776604013068e-05,-3.472396805856426e-05,1.6168797420737513e-05,3.332000474143282e-07,4.621583714684019e-06,-2.1366660610949717e-05,-1.9526998507740645e-05,-9.228656489175535e-05,-1.9579982817388708e-05,-0.00011471427432095671,9.38800859967559e-06,3.2706633842222166e-05,-0.00020195810995771168,2.428632295270461e-05,1.5464742767618e-05,7.944262240232314e-05,0.00017914013349974722,-1.2949424518793329e-05,0.003448091712111509,0.0,-0.0005427488274350328,0.00012007861979052015,0.00019565560044516872,0.0004953972737673645,0.001016992385487539,0.0016193111530490856,0.002326658886169994,0.003401738915727315,0.0042483889598540076,0.005419452183026696,0.006391347574232972,0.011295900392144231,0.02369569830412352,0.04652877074883162,0.8874152283319496,0.0,0.0,0.0,0.0,0.0,0.0,0.0,0.0,0.0,0.0,0.0,0.0,0.0,0.0,0.0,0.0,0.0,0.0,0.0,0.0,0.0,0.0,0.0,0.0,0.0,0.0,0.0,0.0,0.0,0.0,0.0,0.0,0.0,0.0,0.0,0.0,0.0,0.0,0.0
60,0.0,0.0,0.0,0.0,1.518464824365462e-06,1.937196150020304e-05,-4.930061372164507e-05,6.079737841641064e-05,-3.5460512130824906e-05,-1.8586926702618412e-06,4.858626088261042e-06,4.73325983442463e-05,7.798476079311223e-05,0.00011613590557985054,8.874709669405567e-05,0.0001102210408446963,4.664935516866808e-05,4.503106633239884e-05,3.6513262031967475e-06,-0.000210245598708525,-0.00014787991230863495,-0.0003140679151209663,-5.084573907743195e-05,-0.002199032476295562,-1.0646488465132498e-05,2.0261315195058138e-05,-2.486249899534554e-05,1.15769277844735e-05,2.3857261652326933e-07,3.309074585525207e-06,-1.529861155293022e-05,-1.3981408478885848e-05,-6.607754686298317e-05,-1.4019343195018075e-05,-8.213587579172787e-05,6.721853759369956e-06,2.341808192675432e-05,-0.00014460280607468678,1.7389105780307723e-05,1.1072817359195075e-05,5.688123973571213e-05,0.00012826505569468738,-9.271834819010727e-06,0.0003452055622691491,0.003178852845233185,-0.0003886103147176384,8.597676845641111e-05,0.00014009018641306104,0.0003547064165825009,0.000728170586761917,0.0011594332126330098,0.001665896996955532,0.002435658567195853,0.003041863357120672,0.003880349274971301,0.0045762302324295345,0.008087909513778899,0.016966214033296498,0.03331478452741482,0.07720731405830121,0.8407136201551546,0.0,0.0,0.0,0.0,0.0,0.0,0.0,0.0,0.0,0.0,0.0,0.0,0.0,0.0,0.0,0.0,0.0,0.0,0.0,0.0,0.0,0.0,0.0,0.0,0.0,0.0,0.0,0.0,0.0,0.0,0.0,0.0,0.0,0.0,0.0,0.0,0.0,0.0
61,0.0,0.0,0.0,0.0,0.0,0.0,0.0,0.0,0.0,0.0,0.0,0.0,0.0,0.0,0.0,0.0,0.0,0.0,0.0,0.0,0.0,0.0,0.0,0.0,0.0,0.0,0.0,0.0,0.0,0.0,0.0,0.0,0.0,0.0,0.0,0.0,0.0,0.0,0.0,0.0,0.0,0.0,0.0,0.0,0.0,0.0,0.0,0.0,0.0,0.0,0.0,0.0,0.0,0.0,0.0,0.0,0.0,0.0,0.0,0.0,0.0,1.0055729275457865,0.0,0.0,0.0,0.0,0.0,0.0,0.0,0.0,0.0,0.0,0.0,0.0,0.0,0.0,0.0,0.0,0.0,0.0,0.0,0.0,0.0,0.0,0.0,0.0,0.0,0.0,0.0,0.0,0.0,0.0,0.0,0.0,0.0,0.0,0.0,0.0,0.0
62,0.0,0.0,0.0,0.0,0.0,0.0,0.0,0.0,0.0,0.0,0.0,0.0,0.0,0.0,0.0,0.0,0.0,0.0,0.0,0.0,0.0,0.0,0.0,0.0,0.0,0.0,0.0,0.0,0.0,0.0,0.0,0.0,0.0,0.0,0.0,0.0,0.0,0.0,0.0,0.0,0.0,0.0,0.0,0.0,0.0,0.0,0.0,0.0,0.0,0.0,0.0,0.0,0.0,0.0,0.0,0.0,0.0,0.0,0.0,0.0,0.0,-0.0096239294970768,1.01565846677594,0.0,0.0,0.0,0.0,0.0,0.0,0.0,0.0,0.0,0.0,0.0,0.0,0.0,0.0,0.0,0.0,0.0,0.0,0.0,0.0,0.0,0.0002654570851329252,0.0,-0.0005210301270291984,0.0,0.0,0.0,0.0,0.0,0.0,0.0,0.0,0.0,0.0,0.0,0.0
63,0.0,0.0,0.0,0.0,0.0,0.0,0.0,0.0,0.0,0.0,0.0,0.0,0.0,0.0,0.0,0.0,0.0,0.0,0.0,0.0,0.0,0.0,0.0,0.0,0.0,0.0,0.0,0.0,0.0,0.0,0.0,0.0,0.0,0.0,0.0,0.0,0.0,0.0,0.0,0.0,0.0,0.0,0.0,0.0,0.0,0.0,0.0,0.0,0.0,0.0,0.0,0.0,0.0,0.0,0.0,0.0,0.0,0.0,0.0,0.0,0.0,-0.006411664426816954,0.002549805920223913,1.0102427253390334,0.0,0.0,0.0,0.0,0.0,0.0,0.0,0.0,0.0,0.0,0.0,0.0,0.0,0.0,0.0,0.0,0.0,0.0,0.0,0.0,0.00028949725429383566,0.0,-0.0007865169782822479,-0.0006560906748442896,0.0,0.0,0.0,0.0,0.0,0.0,0.0,0.0,0.0,0.0,0.0
64,0.0,0.0,0.0,0.0,0.0,0.0,0.0,0.0,0.0,0.0,0.0,0.0,0.0,0.0,0.0,0.0,0.0,0.0,0.0,0.0,0.0,0.0,0.0,0.0,0.0,0.0,0.0,0.0,0.0,0.0,0.0,0.0,0.0,0.0,0.0,0.0,0.0,0.0,0.0,0.0,0.0,0.0,0.0,0.0,0.0,0.0,0.0,0.0,0.0,0.0,0.0,0.0,0.0,0.0,0.0,0.0,0.0,0.0,0.0,0.0,0.0,-0.004832221320999475,0.0019216892382933892,0.003228459985460397,1.0063012622282819,0.0,0.0,0.0,0.0,0.0,0.0,0.0,0.0,0.0,0.0,0.0,0.0,0.0,0.0,0.0,0.0,0.0,0.0,0.0,0.00028511962582578043,0.0,-0.0010454088185396504,-0.0002991434808197191,-0.0007767350009707519,0.0,0.0,0.0,0.0,0.0,0.0,0.0,0.0,0.0,0.0
65,0.0,0.0,0.0,0.0,0.0,0.0,0.0,0.0,0.0,0.0,0.0,0.0,0.0,0.0,0.0,0.0,0.0,0.0,0.0,0.0,0.0,0.0,0.0,0.0,0.0,0.0,0.0,0.0,0.0,0.0,0.0,0.0,0.0,0.0,0.0,0.0,0.0,0.0,0.0,0.0,0.0,0.0,0.0,0.0,0.0,0.0,0.0,0.0,0.0,0.0,0.0,0.0,0.0,0.0,0.0,0.0,0.0,0.0,0.0,0.0,0.0,-0.0032334205399969784,0.0012858743514421178,0.0021602836741685394,0.0045601424667612855,1.0024732986831792,0.0,0.0,0.0,0.0,0.0,0.0,0.0,0.0,0.0,0.0,0.0,0.0,0.0,0.0,0.0,0.0,0.0,0.0,0.0002989355776805702,0.0,-0.0021045272226294376,0.00011542507921680212,-0.0005024869409453459,-0.0019459050221853902,0.0,0.0,0.0,0.0,0.0,0.0,0.0,0.0,0.0
66,0.0,0.0,0.0,0.0,0.0,0.0,0.0,0.0,0.0,0.0,0.0,0.0,0.0,0.0,0.0,0.0,0.0,0.0,0.0,0.0,0.0,0.0,0.0,0.0,0.0,0.0,0.0,0.0,0.0,0.0,0.0,0.0,0.0,0.0,0.0,0.0,0.0,0.0,0.0,0.0,0.0,0.0,0.0,0.0,0.0,0.0,0.0,0.0,0.0,0.0,0.0,0.0,0.0,0.0,0.0,0.0,0.0,0.0,0.0,0.0,0.0,-0.0024363861605286585,0.0009600362310679955,0.0016528105915153413,0.003409308866469951,0.006228033613137063,0.9979047501992161,0.0,0.0,0.0,0.0,0.0,0.0,0.0,0.0,0.0,0.0,0.0,8.41375580318271e-08,1.6823348270023075e-08,0.0,0.0,0.0,0.0,0.0002841033745065724,6.456892312489693e-06,-0.0031369382317431027,0.0002710038218139976,1.0150869728109413e-05,-0.0014849050079812631,-0.0022234933980819216,0.0,0.0,0.0,0.0,0.0,0.0,0.0,0.0
67,0.0,0.0,0.0,0.0,0.0,0.0,0.0,0.0,0.0,0.0,0.0,0.0,0.0,0.0,0.0,0.0,0.0,0.0,0.0,0.0,0.0,0.0,0.0,0.0,0.0,0.0,0.0,0.0,0.0,0.0,0.0,0.0,0.0,0.0,0.0,0.0,0.0,0.0,0.0,0.0,0.0,0.0,0.0,0.0,0.0,0.0,0.0,0.0,0.0,0.0,0.0,0.0,0.0,0.0,0.0,0.0,0.0,0.0,0.0,0.0,0.0,-0.001958252320716225,0.0007783477924683257,0.0013068649773462226,0.002755186977870805,0.005011473871302519,0.0063951287737618046,0.9937720898481328,0.0,0.0,0.0,0.0,0.0,0.0,0.0,0.0,0.0,0.0,3.901393097471839e-08,0.0,0.0,0.0,0.0,0.0,0.00026567377811592685,2.98509481022613e-06,-0.003938421765797839,0.00032229244967263426,0.00022918992398368587,-0.0007873570059824253,-0.0019415066776495848,-0.0020643722599411607,0.0,0.0,0.0,0.0,0.0,0.0,0.0
68,0.0,0.0,0.0,0.0,0.0,0.0,0.0,0.0,0.0,0.0,0.0,0.0,0.0,0.0,0.0,0.0,0.0,0.0,0.0,0.0,0.0,0.0,0.0,0.0,0.0,0.0,0.0,0.0,0.0,0.0,0.0,0.0,0.0,0.0,0.0,0.0,0.0,0.0,0.0,0.0,0.0,0.0,0.0,0.0,0.0,0.0,0.0,0.0,0.0,0.0,0.0,0.0,0.0,0.0,0.0,0.0,0.0,0.0,0.0,0.0,0.0,-0.001639304920975082,0.000651922668626348,0.0010952375673056736,0.002311936812132709,0.0041721614253698025,0.005378491919200146,0.007392903636493919,0.9891142676542175,0.0,0.0,0.0,0.0,0.0,0.0,0.0,0.0,0.0,0.0,0.0,0.0,0.0,0.0,0.0,0.00026066568001303914,0.0,-0.00543691074106345,0.00037690669335566085,0.00041945982798274883,-0.00024508578153059624,-0.001075966243185844,-0.0021005721780043007,-0.0031373548620150515,0.0,0.0,0.0,0.0,0.0,0.0
69,0.0,0.0,0.0,0.0,0.0,0.0,0.0,0.0,0.0,0.0,0.0,0.0,0.0,0.0,0.0,0.0,0.0,0.0,0.0,0.0,0.0,0.0,0.0,0.0,0.0,0.0,0.0,0.0,0.0,0.0,0.0,0.0,0.0,0.0,0.0,0.0,0.0,0.0,0.0,0.0,0.0,0.0,0.0,0.0,0.0,0.0,0.0,0.0,0.0,0.0,0.0,0.0,0.0,0.0,0.0,0.0,0.0,0.0,0.0,0.0,0.0,-0.001411522825706113,0.0005613377471180847,0.0009430538606969296,0.00199069224299242,0.003592437881894117,0.0046311482565508655,0.006365656640694439,0.008619306646889813,0.9836666983523146,0.0,0.0,0.0,0.0,0.0,0.0,0.0,0.0,0.0,0.0,0.0,0.0,0.0,0.0,0.00026069007022511137,0.0,-0.007621625674331112,0.0004302978320880335,0.0005851373274801119,0.0002017658054520588,-0.0003812312514284155,-0.0011374708015765567,-0.0033469856747236904,-0.004323299707814643,0.0,0.0,0.0,0.0,0.0
70,0.0,0.0,0.0,0.0,0.0,0.0,0.0,0.0,0.0,0.0,0.0,0.0,0.0,0.0,0.0,0.0,0.0,0.0,0.0,0.0,0.0,0.0,0.0,0.0,0.0,0.0,0.0,0.0,0.0,0.0,0.0,0.0,0.0,0.0,0.0,0.0,0.0,0.0,0.0,0.0,0.0,0.0,0.0,0.0,0.0,0.0,0.0,0.0,0.0,0.0,0.0,0.0,0.0,0.0,0.0,0.0,0.0,0.0,0.0,0.0,0.0,-0.0010033252631491685,0.0003953513696974831,0.0006806419490523741,0.0014039833982903982,0.0025647590579103152,0.003268188726590626,0.004517204929554985,0.006128709199859639,0.014098119529432074,0.9778423037433426,0.0,0.0,0.0,0.0,0.0,0.0,0.0,6.870545798953742e-08,1.3739009929736312e-08,0.0,0.0,0.0,0.0,0.00023308329918925175,5.2973458952720875e-06,-0.012488260210663515,0.0004553723891020933,0.0007294340999275395,0.0007263241535993004,0.0004975731805745287,0.0001381642543429873,-0.0012529995409293893,-0.006019920523875344,-0.008106476490077341,0.0,0.0,0.0,0.0
71,0.0,0.0,0.0,0.0,0.0,0.0,0.0,0.0,0.0,0.0,0.0,0.0,0.0,0.0,0.0,0.0,0.0,0.0,0.0,0.0,0.0,0.0,0.0,0.0,0.0,0.0,0.0,0.0,0.0,0.0,0.0,0.0,0.0,0.0,0.0,0.0,0.0,0.0,0.0,0.0,0.0,0.0,0.0,0.0,0.0,0.0,0.0,0.0,0.0,0.0,0.0,0.0,0.0,0.0,0.0,0.0,0.0,0.0,0.0,0.0,0.0,-0.0008429668248155497,0.00033523304618365835,0.0005631953688134406,0.0011888490088207693,0.002145417621335355,0.002765739422205815,0.0038015944558988934,0.005147482842748907,0.011847850377860736,0.016111183026579212,0.9672895581042118,0.0,0.0,0.0,0.0,0.0,0.0,0.0,0.0,0.0,0.0,0.0,0.0,0.00021919624101918167,0.0,-0.015172860936413235,0.00044230539369971567,0.0007418990109753221,0.0008438479706662783,0.0007277436049613062,0.0004969015164613122,-0.0006014338679860565,-0.0039299754492350125,-0.0084986616667726,-0.005726750084561472,0.0,0.0,0.0
72,0.0,0.0,0.0,0.0,0.0,0.0,0.0,0.0,0.0,0.0,0.0,0.0,0.0,0.0,0.0,0.0,0.0,0.0,0.0,0.0,0.0,0.0,0.0,0.0,0.0,0.0,0.0,0.0,0.0,0.0,0.0,0.0,0.0,0.0,0.0,0.0,0.0,0.0,0.0,0.0,0.0,0.0,0.0,0.0,0.0,0.0,0.0,0.0,0.0,0.0,0.0,0.0,0.0,0.0,0.0,0.0,0.0,0.0,0.0,0.0,0.0,-0.0006846023747897334,0.00026976146316748384,0.0004644247694751691,0.0009579848234131383,0.0017500208747411872,0.0022299944599235566,0.003082239980606305,0.004181823234916671,0.009619618403927666,0.013045985569615226,0.021200264224696674,0.954746967932879,0.0,0.0,0.0,0.0,0.0,5.719383300295533e-08,1.144223604754302e-08,0.0,0.0,0.0,0.0,0.0001941942752436976,4.413511223155808e-06,-0.018755616344734438,0.00041481722917735553,0.0007173403121507604,0.0009007171987429619,0.0008744611285083081,0.0007531976604913115,-7.210386454570283e-05,-0.0021368678562727617,-0.005272151114982249,-0.007889779420067189,-0.007348160767362,0.0,0.0
73,0.0,0.0,0.0,0.0,0.0,0.0,0.0,0.0,0.0,0.0,0.0,0.0,0.0,0.0,0.0,0.0,0.0,0.0,0.0,0.0,0.0,0.0,0.0,0.0,0.0,0.0,0.0,0.0,0.0,0.0,0.0,0.0,0.0,0.0,0.0,0.0,0.0,0.0,0.0,0.0,0.0,0.0,0.0,0.0,0.0,0.0,0.0,0.0,0.0,0.0,0.0,0.0,0.0,0.0,0.0,0.0,0.0,0.0,0.0,0.0,0.0,-0.0005256951159104961,0.00020905967929030211,0.00035122265859555135,0.000741395857900562,0.0013379358801413055,0.001724784013529268,0.0023707690186003383,0.003210098548089846,0.007388614681885786,0.01004733514442524,0.016280803639273644,0.03242810863585133,0.9355900015030338,0.0,0.0,0.0,0.0,0.0,0.0,0.0,0.0,0.0,0.0,0.000159430371682312,0.0,-0.01903063664987492,0.0003421724362184797,0.0006031471606882111,0.0007851723229923557,0.0007958350888015442,0.0007309080007900093,0.00012513661287738564,-0.0011914983444327731,-0.0033540678325005846,-0.00519479234281639,-0.008001212116470757,-0.004921685798492392,0.0
74,0.0,0.0,0.0,0.0,0.0,0.0,0.0,0.0,0.0,0.0,0.0,0.0,0.0,0.0,0.0,0.0,0.0,0.0,0.0,0.0,0.0,0.0,0.0,0.0,0.0,0.0,0.0,0.0,0.0,0.0,0.0,0.0,0.0,0.0,0.0,0.0,0.0,0.0,0.0,0.0,0.0,0.0,0.0,0.0,0.0,0.0,0.0,0.0,0.0,0.0,0.0,0.0,0.0,0.0,0.0,0.0,0.0,0.0,0.0,0.0,0.0,-0.00043113337552802555,0.00017145414255015368,0.0002880449281872366,0.0006080339912117871,0.0010972687307375661,0.0014145308396829037,0.0019443164266108592,0.0026326678372046164,0.00605955485094567,0.008240026178746307,0.013352221887169557,0.026594958787290457,0.04038966874841954,0.9089429930178583,0.0,0.0,0.0,0.0,0.0,0.0,0.0,0.0,0.0,0.00013424801548200804,0.0,-0.01880769091161527,0.0002908238927457063,0.0005162554307658329,0.0006837519508917644,0.0007052703317189657,0.0006641752113567545,0.00017954503161998758,-0.0007835215566631692,-0.002451512513823584,-0.0038876252390906973,-0.005832753492002185,-0.007413783427445697,-0.001690240666180065
75,0.0,0.0,0.0,0.0,0.0,0.0,0.0,0.0,0.0,0.0,0.0,0.0,0.0,0.0,0.0,0.0,0.0,0.0,0.0,0.0,0.0,0.0,0.0,0.0,0.0,0.0,0.0,0.0,0.0,0.0,0.0,0.0,0.0,0.0,0.0,0.0,0.0,0.0,0.0,0.0,0.0,0.0,0.0,0.0,0.0,0.0,0.0,0.0,0.0,0.0,0.0,0.0,0.0,0.0,0.0,0.0,0.0,0.0,0.0,0.0,0.0,-0.0003686562652371883,0.0001466081006595843,0.0002463032867938697,0.0005199215676043867,0.0009382595186901987,0.0012095460188987772,0.0016625584450813413,0.002251158339600101,0.005181442656876367,0.007045933933524928,0.011417302714367139,0.02274098631627197,0.03453665454664079,0.04480304252249545,0.8791245753106414,0.0,0.0,0.0,0.0,0.0,0.0,0.0,0.0,0.0001177829292431376,0.0,-0.02010147560557729,0.00025740248474348526,0.00045991458558214404,0.0006187130634216498,0.0006480356945504084,0.0006232876090250805,0.0002192979686732599,-0.0005043905640378377,-0.0018403898058294565,-0.0030055387310878867,-0.004363976027765837,-0.006564341299697407,-0.006836403363547072
76,0.0,0.0,0.0,0.0,0.0,0.0,0.0,0.0,0.0,0.0,0.0,0.0,0.0,0.0,0.0,0.0,0.0,0.0,0.0,0.0,0.0,0.0,0.0,0.0,0.0,0.0,0.0,0.0,0.0,0.0,0.0,0.0,0.0,0.0,0.0,0.0,0.0,0.0,0.0,0.0,0.0,0.0,0.0,0.0,0.0,0.0,0.0,0.0,0.0,0.0,0.0,0.0,0.0,0.0,0.0,0.0,0.0,0.0,0.0,0.0,0.0,0.0,0.0,0.0,0.0,0.0,0.0,0.0,0.0,0.0,0.0,0.0,0.0,0.0,0.0,0.0,0.9999997069298772,0.0,0.0,0.0,0.0,0.0,0.0,0.0,0.0,0.0,0.0,0.0,0.0,0.0,0.0,0.0,0.0,0.0,0.0,0.0,0.0,0.0,0.0
77,0.0,0.0,0.0,0.0,0.0,0.0,0.0,0.0,0.0,0.0,0.0,0.0,0.0,0.0,0.0,0.0,0.0,0.0,0.0,0.0,0.0,0.0,0.0,0.0,0.0,0.0,0.0,0.0,0.0,0.0,0.0,0.0,0.0,0.0,0.0,0.0,0.0,0.0,0.0,0.0,0.0,0.0,0.0,0.0,0.0,0.0,0.0,0.0,0.0,0.0,0.0,0.0,0.0,0.0,0.0,0.0,0.0,0.0,0.0,0.0,0.0,0.0,0.0,0.0,0.0,0.0,0.0,0.0,0.0,0.0,0.0,0.0,0.0,0.0,0.0,0.0,-0.3333342487217843,1.3333369948871914,0.0,0.0,0.0,0.0,0.0,0.0,0.0,0.0,0.0,0.0,0.0,0.0,0.0,0.0,0.0,0.0,0.0,0.0,0.0,0.0,0.0
78,0.0,0.0,0.0,0.0,0.0,0.0,0.0,0.0,0.0,0.0,0.0,0.0,0.0,0.0,0.0,0.0,0.0,0.0,0.0,0.0,0.0,0.0,0.0,0.0,0.0,0.0,0.0,0.0,0.0,0.0,0.0,0.0,0.0,0.0,0.0,0.0,0.0,0.0,0.0,0.0,0.0,0.0,0.0,0.0,0.0,0.0,0.0,0.0,0.0,0.0,0.0,0.0,0.0,0.0,0.0,0.0,0.0,0.0,0.0,0.0,0.0,0.0,0.0,0.0,0.0,0.0,0.0,0.0,0.0,0.0,0.0,0.0,0.0,0.0,0.0,0.0,0.0,-4.000001664339337,5.0000020601626005,0.0,0.0,0.0,0.0,0.0,0.0,0.0,0.0,0.0,0.0,0.0,0.0,0.0,0.0,0.0,0.0,0.0,0.0,0.0,0.0
79,0.0,0.0,0.0,0.0,0.0,0.0,0.0,0.0,0.0,0.0,0.0,0.0,0.0,0.0,0.0,0.0,0.0,0.0,0.0,0.0,0.0,0.0,0.0,0.0,0.0,0.0,0.0,0.0,0.0,0.0,0.0,0.0,0.0,0.0,0.0,0.0,0.0,0.0,0.0,0.0,0.0,0.0,0.0,0.0,0.0,0.0,0.0,0.0,0.0,0.0,0.0,0.0,0.0,0.0,0.0,0.0,0.0,0.0,0.0,0.0,0.0,0.0,0.0,0.0,0.0,0.0,0.0,0.0,0.0,0.0,0.0,0.0,0.0,0.0,0.0,0.0,0.0,-0.5714506337971964,0.0,1.5714892834645633,0.0,0.0,0.0,0.0,0.0,0.0,0.0,0.0,0.0,0.0,0.0,0.0,0.0,0.0,0.0,0.0,0.0,0.0,0.0
80,0.0,0.0,0.0,0.0,0.0,0.0,0.0,0.0,0.0,0.0,0.0,0.0,0.0,0.0,0.0,0.0,0.0,0.0,0.0,0.0,0.0,0.0,0.0,0.0,0.0,0.0,0.0,0.0,0.0,0.0,0.0,0.0,0.0,0.0,0.0,0.0,0.0,0.0,0.0,0.0,0.0,0.0,0.0,0.0,0.0,0.0,0.0,0.0,0.0,0.0,0.0,0.0,0.0,0.0,0.0,0.0,0.0,0.0,0.0,0.0,0.0,0.0,0.0,0.0,0.0,0.0,0.0,0.0,0.0,0.0,0.0,0.0,0.0,0.0,0.0,0.0,0.0,-0.28575550663776167,0.0,0.0,1.2858998232889718,0.0,0.0,0.0,0.0,0.0,0.0,0.0,0.0,0.0,0.0,0.0,0.0,0.0,0.0,0.0,0.0,0.0,0.0
81,0.0,0.0,0.0,0.0,0.0,0.0,0.0,0.0,0.0,0.0,0.0,0.0,0.0,0.0,0.0,0.0,0.0,0.0,0.0,0.0,0.0,0.0,0.0,0.0,0.0,0.0,0.0,0.0,0.0,0.0,0.0,0.0,0.0,0.0,0.0,0.0,0.0,0.0,0.0,0.0,0.0,0.0,0.0,0.0,0.0,0.0,0.0,0.0,0.0,0.0,0.0,0.0,0.0,0.0,0.0,0.0,0.0,0.0,0.0,0.0,0.0,0.0,0.0,0.0,0.0,0.0,0.0,0.0,0.0,0.0,0.0,0.0,0.0,0.0,0.0,0.0,0.0,-0.12907447934865784,0.0,0.0,0.0,1.1294017557370724,0.0,0.0,0.0,0.0,0.0,0.0,0.0,0.0,0.0,0.0,0.0,0.0,0.0,0.0,0.0,0.0,0.0
82,0.0,0.0,0.0,0.0,0.0,0.0,0.0,0.0,0.0,0.0,0.0,0.0,0.0,0.0,0.0,0.0,0.0,0.0,0.0,0.0,0.0,0.0,0.0,0.0,0.0,0.0,0.0,0.0,0.0,0.0,0.0,0.0,0.0,0.0,0.0,0.0,0.0,0.0,0.0,0.0,0.0,0.0,0.0,0.0,0.0,0.0,0.0,0.0,0.0,0.0,0.0,0.0,0.0,0.0,0.0,0.0,0.0,0.0,0.0,0.0,0.0,0.0,0.0,0.0,0.0,0.0,0.0,0.0,0.0,0.0,0.0,0.0,0.0,0.0,0.0,0.0,0.0,-0.0635397605606991,0.0,0.0,0.0,0.0,1.064291091342276,0.0,0.0,0.0,0.0,0.0,0.0,0.0,0.0,0.0,0.0,0.0,0.0,0.0,0.0,0.0,0.0
83,0.0,0.0,0.0,0.0,0.0,0.0,0.0,0.0,0.0,0.0,0.0,0.0,0.0,0.0,0.0,0.0,0.0,0.0,0.0,0.0,0.0,0.0,0.0,0.0,0.0,0.0,0.0,0.0,0.0,0.0,0.0,0.0,0.0,0.0,0.0,0.0,0.0,0.0,0.0,0.0,0.0,0.0,0.0,0.0,0.0,0.0,0.0,0.0,0.0,0.0,0.0,0.0,0.0,0.0,0.0,0.0,0.0,0.0,0.0,0.0,0.0,0.0,0.0,0.0,0.0,0.0,0.0,0.0,0.0,0.0,0.0,0.0,0.0,0.0,0.0,0.0,0.0,-0.04352825808736499,0.0,0.0,0.0,0.0,0.0,1.0446783359268839,0.0,0.0,0.0,0.0,0.0,0.0,0.0,0.0,0.0,0.0,0.0,0.0,0.0,0.0,0.0
84,0.0,0.0,0.0,0.0,0.0,0.0,0.0,0.0,0.0,0.0,0.0,0.0,0.0,0.0,0.0,0.0,0.0,0.0,0.0,0.0,0.0,0.0,0.0,0.0,0.0,0.0,0.0,0.0,0.0,0.0,0.0,0.0,0.0,0.0,0.0,0.0,0.0,0.0,0.0,0.0,0.0,0.0,0.0,0.0,0.0,0.0,0.0,0.0,0.0,0.0,0.0,0.0,0.0,0.0,0.0,0.0,0.0,0.0,0.0,0.0,0.0,0.0,0.0,0.0,0.0,0.0,0.0,0.0,0.0,0.0,0.0,0.0,0.0,0.0,0.0,0.0,0.0,-0.021798644188331107,0.0,0.0,0.0,0.0,0.0,0.0,1.0245365446425598,0.0,0.0,0.0,0.0,0.0,0.0,0.0,0.0,0.0,0.0,0.0,0.0,0.0,0.0
85,0.0,0.0,0.0,0.0,0.0,0.0,0.0,0.0,0.0,0.0,0.0,0.0,0.0,0.0,0.0,0.0,0.0,0.0,0.0,0.0,0.0,0.0,0.0,0.0,0.0,0.0,0.0,0.0,0.0,0.0,0.0,0.0,0.0,0.0,0.0,0.0,0.0,0.0,0.0,0.0,0.0,0.0,0.0,0.0,0.0,0.0,0.0,0.0,0.0,0.0,0.0,0.0,0.0,0.0,0.0,0.0,0.0,0.0,0.0,0.0,0.0,0.0,0.0,0.0,0.0,0.0,0.0,0.0,0.0,0.0,0.0,0.0,0.0,0.0,0.0,0.0,0.0,-0.014663488841562544,0.0,0.0,0.0,0.0,0.0,0.0,0.0,1.0191128812049242,0.0,0.0,0.0,0.0,0.0,0.0,0.0,0.0,0.0,0.0,0.0,0.0,0.0
86,0.0,0.0,0.0,0.0,0.0,0.0,0.0,0.0,0.0,0.0,0.0,0.0,0.0,0.0,0.0,0.0,0.0,0.0,0.0,0.0,0.0,0.0,0.0,0.0,0.0,0.0,0.0,0.0,0.0,0.0,0.0,0.0,0.0,0.0,0.0,0.0,0.0,0.0,0.0,0.0,0.0,0.0,0.0,0.0,0.0,0.0,0.0,0.0,0.0,0.0,0.0,0.0,0.0,0.0,0.0,0.0,0.0,0.0,0.0,0.0,0.0,0.0,0.0,0.0,0.0,0.0,0.0,0.0,0.0,0.0,0.0,0.0,0.0,0.0,0.0,0.0,0.0,-0.01102917890349886,0.0,0.0,0.0,0.0,0.0,0.0,0.0,0.0,1.0174422651054726,0.0,0.0,0.0,0.0,0.0,0.0,0.0,0.0,0.0,0.0,0.0,0.0
87,0.0,0.007394009428709526,0.0,0.0,0.0,-3.556998323813419e-05,-0.0016006503365589494,-7.163205705679188e-05,-0.0302604710343741,-0.9854508149972354,0.0,0.0,0.0,0.0,0.0,0.0,0.0,0.0,0.0,0.0,0.0,0.0,0.0,0.0,-0.007354804784702419,0.0007051336907220544,0.0,0.001471184781799955,1.0125251533725803,0.0,0.0,0.0,0.0,0.0,0.0,0.0,0.0,0.0,0.0,0.0,0.0,0.0,0.0,0.0,0.0,-0.006649674833746023,0.001471184781799955,1.0125251533725803,0.0,0.0,0.0,0.0,0.0,0.0,0.0,0.0,0.0,0.0,0.0,0.0,0.0,0.006411664351898584,-0.002549805945540034,-1.0102427253382202,0.0,0.0,0.0,0.0,0.0,0.0,0.0,0.0,0.0,0.0,0.0,0.0,0.0,-0.007394009269765488,0.0,0.0,0.0,0.0,0.0,0.0,0.0018919004222126608,0.0,1.0144993222461487,1.0101721720993506,0.0,0.0,0.0,0.0,0.0,0.0,0.0,0.0,0.0,0.0,0.0
88,0.0,0.005587243852582698,0.0,0.0,0.0,-2.680776729616953e-05,-0.001206347766715939,-5.398634531496131e-05,-0.002504883723754509,-0.015084364420687914,-0.9991160573564963,0.0,0.0,0.0,0.0,0.0,0.0,0.0,0.0,0.0,0.0,0.0,0.0,0.0,-0.005543029471375858,0.0005314316926514732,0.0,0.0011087745118744385,0.0018066325264682985,1.0104716694055649,0.0,0.0,0.0,0.0,0.0,0.0,0.0,0.0,0.0,0.0,0.0,0.0,0.0,0.0,0.0,-0.00501160053853391,0.0011087745118744385,0.0018066325264682985,1.0104716694055649,0.0,0.0,0.0,0.0,0.0,0.0,0.0,0.0,0.0,0.0,0.0,0.0,0.004832221265813584,-0.0019216892584324446,-0.0032284599738052235,-1.0063012622928462,0.0,0.0,0.0,0.0,0.0,0.0,0.0,0.0,0.0,0.0,0.0,0.0,-0.005587243791325275,0.0,0.0,0.0,0.0,0.0,0.0,0.001422586283175058,0.0,1.0147568973973795,0.005282348711574273,1.0062192383603323,0.0,0.0,0.0,0.0,0.0,0.0,0.0,0.0,0.0,0.0
89,0.0,0.003756748542783038,0.0,0.0,0.0,-1.7938043303349083e-05,-0.0008072125008348752,-3.612424931669772e-05,-0.001676111617012442,-0.0025356402348891,-0.016719878810677116,-0.9988657131296481,0.0,0.0,0.0,0.0,0.0,0.0,0.0,0.0,0.0,0.0,0.0,0.0,-0.0037090488957079726,0.0003556008792548332,0.0,0.0007419226153576597,0.0012088856285365907,0.003060881634308135,1.008836407039482,0.0,0.0,0.0,0.0,0.0,0.0,0.0,0.0,0.0,0.0,0.0,0.0,0.0,0.0,-0.0033534498631747,0.0007419226153576597,0.0012088856285365907,0.003060881634308135,1.008836407039482,0.0,0.0,0.0,0.0,0.0,0.0,0.0,0.0,0.0,0.0,0.0,0.0032334205420569626,-0.0012858743249875848,-0.002160283705393562,-0.004560142458196088,-1.0024732986981413,0.0,0.0,0.0,0.0,0.0,0.0,0.0,0.0,0.0,0.0,0.0,-0.0037567485015833554,0.0,0.0,0.0,0.0,0.0,0.0,0.0008983763306836742,0.0,1.0167825683564218,0.0033784145692583242,0.007901009483821109,1.0034273207458086,0.0,0.0,0.0,0.0,0.0,0.0,0.0,0.0,0.0
90,0.0,0.0028413299133205755,0.0,0.0,0.0,-1.3499538726452487e-05,-0.0006074796555545492,-2.7185835830764726e-05,-0.001261382481755266,-0.0019082334018049457,-0.004386690420632444,-0.014049480987236504,-1.001864318499841,0.0,0.0,0.0,0.0,0.0,0.0,0.0,0.0,0.0,0.0,0.0,-0.002791299370677805,0.00026761270825216565,0.0,0.000558344820248205,0.0009097646832927075,0.0023035115820010943,0.00472883856551809,1.006285557109219,0.0,0.0,0.0,0.0,0.0,0.0,0.0,0.0,0.0,0.0,0.0,0.0,0.0,-0.002523688081646283,0.000558344820248205,0.0009097646832927075,0.0023035115820010943,0.00472883856551809,1.006285557109219,0.0,0.0,0.0,0.0,0.0,0.0,0.0,0.0,0.0,0.0,0.0024333582484062366,-0.0009677036606932365,-0.0016257533175592642,-0.003431802365286979,-0.0061981427494813,-0.9979490280186913,0.0,0.0,0.0,0.0,0.0,0.0,0.0,0.0,0.0,0.0,-0.002841329852605254,0.0,0.0,0.0,0.0,0.0,0.0,0.0006136044335396801,0.0,1.0200801910283108,0.0023601489662367775,0.005559927351633451,0.011762171856942102,0.9989551876948832,0.0,0.0,0.0,0.0,0.0,0.0,0.0,0.0
91,0.0,0.002295985602595446,0.0,0.0,0.0,-1.0856943816195397e-05,-0.0004885628065304237,-2.1864111215963433e-05,-0.0010144612407059217,-0.0015346882111487437,-0.0035279762253953573,-0.006898708545827886,-0.015548440411485703,-0.9981808362356273,0.0,0.0,0.0,0.0,0.0,0.0,0.0,0.0,0.0,0.0,-0.002244890081985751,0.00021522632807913222,0.0,0.0004490463339709705,0.0007316741930211978,0.001852588926015697,0.0038031473460937992,0.0060555801341226345,1.0026042802733366,0.0,0.0,0.0,0.0,0.0,0.0,0.0,0.0,0.0,0.0,0.0,0.0,-0.002029664895354666,0.0004490463339709705,0.0007316741930211978,0.001852588926015697,0.0038031473460937992,0.0060555801341226345,1.0026042802733366,0.0,0.0,0.0,0.0,0.0,0.0,0.0,0.0,0.0,0.0019570175050810656,-0.0007782713813686559,-0.001307504862192721,-0.002760011785524902,-0.004984828713434225,-0.006421265128560977,-0.9937745961722741,0.0,0.0,0.0,0.0,0.0,0.0,0.0,0.0,0.0,-0.0022959856012944035,0.0,0.0,0.0,0.0,0.0,0.0,0.0004524945531117486,0.0,1.0232923045873887,0.001778515675010528,0.004218232811659117,0.008992689144986937,0.012772932576638613,0.9944476549385469,0.0,0.0,0.0,0.0,0.0,0.0,0.0
92,0.0,0.0019329927801632618,0.0,0.0,0.0,-9.094370655854389e-06,-0.0004092469731153958,-1.831457641793266e-05,-0.0008497682930583284,-0.0012855388836774395,-0.0029552260486821746,-0.005778735954163616,-0.00844966869173111,-0.017125594068290867,-0.9938140425147339,0.0,0.0,0.0,0.0,0.0,0.0,0.0,0.0,0.0,-0.0018804428513451155,0.00018028535522102151,0.0,0.00037614579289843575,0.000612890340475486,0.0015518299063300989,0.003185724424276809,0.005072485459011594,0.007288249294877536,0.9981009053889636,0.0,0.0,0.0,0.0,0.0,0.0,0.0,0.0,0.0,0.0,0.0,-0.0017001584519567292,0.00037614579289843575,0.000612890340475486,0.0015518299063300989,0.003185724424276809,0.005072485459011594,0.007288249294877536,0.9981009053889636,0.0,0.0,0.0,0.0,0.0,0.0,0.0,0.0,0.0016393050211553628,-0.0006519227158975627,-0.0010952376332251657,-0.002311936950910587,-0.004175565409929305,-0.005378803210123739,-0.007389010710148053,-0.9891143293166982,0.0,0.0,0.0,0.0,0.0,0.0,0.0,0.0,-0.0019329927788622192,0.0,0.0,0.0,0.0,0.0,0.0,0.0003613109381996049,0.0,1.0265467248384703,0.0014380642661925014,0.003423905452562548,0.007330873243085317,0.01043268357901056,0.013617241954692882,0.9894306368203252,0.0,0.0,0.0,0.0,0.0,0.0
93,0.0,0.0016722588856189768,0.0,0.0,0.0,-7.83072131443907e-06,-0.00035238193526326844,-1.5769758329037264e-05,-0.0007316926331317475,-0.0011069127350826768,-0.0025445961535780492,-0.004975778194419439,-0.007275583711018052,-0.01007192081689881,-0.018934876700859443,-0.9877564329978731,0.0,0.0,0.0,0.0,0.0,0.0,0.0,0.0,-0.0016191545309379718,0.00015523459557728603,0.0,0.00032388016053819246,0.0005277289711995425,0.0013362024746214896,0.002743066666172078,0.004367661466005146,0.006275543990713617,0.009175286638535979,0.9920471528432687,0.0,0.0,0.0,0.0,0.0,0.0,0.0,0.0,0.0,0.0,-0.0014639207242261865,0.00032388016053819246,0.0005277289711995425,0.0013362024746214896,0.002743066666172078,0.004367661466005146,0.006275543990713617,0.009175286638535979,0.9920471528432687,0.0,0.0,0.0,0.0,0.0,0.0,0.0,0.0014115228859877538,-0.0005613377822462351,-0.00094305390579974,-0.001990692362254659,-0.0035953688672096806,-0.004631416254848031,-0.006362304582480105,-0.008619307120903003,-0.9836667511620677,0.0,0.0,0.0,0.0,0.0,0.0,0.0,-0.0016722588674043803,0.0,0.0,0.0,0.0,0.0,0.0,0.0002901232513778662,0.0,1.0302287164346349,0.0011770137056839325,0.002818490243278182,0.0060732129767912535,0.00866739095599367,0.01133656242100975,0.015466211099584432,0.9839773703933589,0.0,0.0,0.0,0.0,0.0
94,0.0,0.0012044660390592155,0.0,0.0,0.0,-5.559234496355092e-06,-0.00025016466415755945,-1.1195353671888952e-05,-0.0005194467243493928,-0.0007858247195319246,-0.001806471754302319,-0.003532428024567713,-0.00516511687500415,-0.007150305758076014,-0.009636473481157426,-0.012079078367741025,-0.014740114895155088,-0.021859510025874773,-0.9636161631635526,0.0,0.0,0.0,0.0,0.0,-0.0011494778540468986,0.00011020487994395367,0.0,0.00022993051386477337,0.0003746478630800576,0.0009486031777791726,0.0019473708565836967,0.003100710916324745,0.004455163903592518,0.0065137629266104335,0.008134956655352077,0.010377347480459986,0.012238365134677187,0.9678424061059648,0.0,0.0,0.0,0.0,0.0,0.0,0.0,-0.0010392735587047564,0.00022993051386477337,0.0003746478630800576,0.0009486031777791726,0.0019473708565836967,0.003100710916324745,0.004455163903592518,0.0065137629266104335,0.008134956655352077,0.010377347480459986,0.012238365158963316,0.9678424061059648,0.0,0.0,0.0,0.0,0.0010020750375316911,-0.0003985075767640178,-0.0006694973082865818,-0.0014132417389123297,-0.002552441296516106,-0.0032879569769952988,-0.004516757405592653,-0.006119059326077647,-0.014085386947082501,-0.9778658614052402,0.0,0.0,0.0,0.0,0.0,0.0,-0.0012044660251814276,0.0,0.0,0.0,0.0,0.0,0.0,0.0001565360133182203,0.0,1.043471805213872,0.0006913519513818134,0.0016954763261758932,0.003748445899162678,0.005409592707811273,0.007132797376178945,0.009892271393523167,0.02777751524629668,0.9867120851188641,0.0,0.0,0.0,0.0
95,0.0,0.0010230666452892834,0.0,0.0,0.0,-4.67652652713646e-06,-0.0002104438403052744,-9.417749566309475e-06,-0.00043696966184336716,-0.0006610525226172226,-0.001519642635686158,-0.00297155390571735,-0.004345006649614236,-0.006014989953166683,-0.0081064073596121,-0.010161178776862956,-0.012399699558796051,-0.013985289289489278,-0.02774666012315269,-0.9557025691733778,0.0,0.0,0.0,0.0,-0.0009669653090391139,9.270671990496693e-05,0.0,0.00019342248115672422,0.0003151617872926282,0.0007979852811521027,0.001638169992018712,0.002608384291544197,0.003747779082734215,0.005479516564446674,0.006843299366413036,0.008729646438013217,0.01029517425043397,0.011300792080760902,0.013777212814168605,0.9478858110862146,0.0,0.0,0.0,0.0,0.0,-0.0008742591017449342,0.00019342248115672422,0.0003151617872926282,0.0007979852811521027,0.001638169992018712,0.002608384291544197,0.003747779082734215,0.005479516564446674,0.006843299366413036,0.008729646438013217,0.010295174271250651,0.018195421483749308,0.9547611495696467,0.0,0.0,0.0,0.0008429669115517235,-0.00033523308781702177,-0.0005631954191204214,-0.0011888491649458821,-0.0021471681524790065,-0.0027658996577459294,-0.00379959283133835,-0.005147483441228506,-0.011848928439979478,-0.01611154409539295,-0.9672883847034256,0.0,0.0,0.0,0.0,0.0,-0.001023066633146219,0.0,0.0,0.0,0.0,0.0,0.0,0.00010661872860279198,0.0,1.0530033085851682,0.0005084453405176936,0.001271401570829278,0.0028677711238697667,0.004173630797736638,0.005536166042957591,0.007770149589719777,0.021978698663133178,0.03638657955062213,0.9722098825819259,0.0,0.0,0.0
96,0.0,0.0008409374377404966,0.0,0.0,0.0,-3.7932322213829472e-06,-0.0001706955592498116,-7.638940695275931e-06,-0.0003544355624968132,-0.0005361940266790377,-0.0012326150568980898,-0.002410291769124051,-0.0035243290369413316,-0.00487888870102926,-0.006575282682046157,-0.008241952307273814,-0.010057665023738283,-0.01134377119842156,-0.0204275696072051,-0.043665822264428444,-0.9333684251374569,0.0,0.0,0.0,-0.0007843265169282798,7.519642981207442e-05,0.0,0.00015688918306860922,0.0002556345551907313,0.0006472631545323404,0.001328755197885223,0.0021157170251862034,0.0030399048313312083,0.004444554647931032,0.005550748399113514,0.007080805421166847,0.008350638939884358,0.009166317353585807,0.011174995893925566,0.011890126148418612,0.012883500198103415,0.014617688227393233,0.91592692353943,0.0,0.0,-0.0007091305034498396,0.00015688918306860922,0.0002556345551907313,0.0006472631545323404,0.001328755197885223,0.0021157170251862034,0.0030399048313312083,0.004444554647931032,0.005550748399113514,0.007080805421166847,0.008350638956364231,0.014758700692119042,0.0309597027728023,0.9299201459249395,0.0,0.0,0.0006837487624700156,-0.00027191478929600166,-0.00045681999242402904,-0.0009643012881255242,-0.0017416146025350798,-0.002243481118761881,-0.0030819320533115313,-0.004175235369247021,-0.009610922634128993,-0.013068422566320237,-0.021174872434463754,-0.9547662175339242,0.0,0.0,0.0,0.0,-0.0008409374108522827,0.0,0.0,0.0,0.0,0.0,0.0,7.908846928056379e-05,0.0,1.0606154465476678,0.00039083973384090864,0.000985582159288012,0.0022419015914543206,0.003274114803060446,0.004353617556740463,0.006139887190684257,0.017417900561103594,0.028881188378349076,0.03729773358912558,0.9594010500881337,0.0,0.0
97,0.0,0.0006598120574213828,0.0,0.0,0.0,-2.9163980258539723e-06,-0.00013123802305309296,-5.873143117673951e-06,-0.00027250517033866606,-0.0004122488392321877,-0.0009476870156677197,-0.00185313506467083,-0.0027096544209792572,-0.003751097623488908,-0.005055357635112834,-0.006336764294713471,-0.007732761635875773,-0.008721574904120566,-0.01570558636962427,-0.03230833361261842,-0.063777459218331,-0.899185047744007,0.0,0.0,-0.0006030236622545093,5.781422042494544e-05,0.0,0.00012062307923332849,0.000196542743885475,0.0004976435071316065,0.0010216036289492636,0.0016266534438869051,0.002337208428529469,0.0034171630880833193,0.004267652002620803,0.005444025068419844,0.006420327210848731,0.0070474555488239665,0.008591813241767832,0.009141635855421104,0.00990538418562531,0.011238701872785806,0.03598115556890935,0.8914389459206695,0.0,-0.0005452097618860452,0.00012062307923332849,0.000196542743885475,0.0004976435071316065,0.0010216036289492636,0.0016266534438869051,0.002337208428529469,0.0034171630880833193,0.004267652002620803,0.005444025068419844,0.006420327223859157,0.01134711825456075,0.023803139327649436,0.04673974148081822,0.89143894593368,0.0,0.0005256951844320734,-0.00020905970704587773,-0.00035122269762682956,-0.0007413959394325653,-0.0013390275529004403,-0.001724883937938293,-0.0023695207731697088,-0.003210098945341522,-0.007389287042490478,-0.010047560386125531,-0.016280144641243888,-0.03242808609398712,-0.9355901884611217,0.0,0.0,0.0,-0.0006598120496151272,0.0,0.0,0.0,0.0,0.0,0.0,5.3346939712928254e-05,0.0,1.0734442654706384,0.0002787264854683946,0.0007116623844047321,0.0016386929894626756,0.0024050588413176976,0.003209113671846786,0.004556476558906231,0.012978398610148656,0.021566575235734686,0.027880738428034957,0.05238409462888366,0.9456678932090804,0.0
98,0.0,0.00047935196957615833,0.0,0.0,0.0,-2.04520254898366e-06,-9.203381026029467e-05,-4.11868195798748e-06,-0.00019110076542039334,-0.0002890993546986187,-0.0006645881778927221,-0.0012995552784930697,-0.0019002099373166548,-0.002630546892291863,-0.0035451904077318797,-0.004443807473039629,-0.005422783985742363,-0.006116212921541964,-0.011013917930458028,-0.022656991390673786,-0.043417640024911996,-0.06416612613642514,-0.0734666829853986,-0.8102711324779743,-0.0004228847697365645,4.0543595390685194e-05,0.0,8.458981865661075e-05,0.0001378302983898183,0.0003489844073445436,0.0007164239696280661,0.001140729608863078,0.001639023289486119,0.0023963673146526476,0.002992792999534366,0.003817752738076441,0.004502407948206444,0.004942196697894918,0.006025214444559113,0.006410790707317426,0.0069463874747752175,0.007881408389635858,0.025232645599684855,0.07596183060516737,0.8271514996696997,-0.00038234138077797297,8.458981865661075e-05,0.0001378302983898183,0.0003489844073445436,0.0007164239696280661,0.001140729608863078,0.001639023289486119,0.0023963673146526476,0.002992792999534366,0.003817752738076441,0.004502407957747423,0.007957437968969527,0.01669252054289916,0.03277736118374036,0.07596183061470835,0.8271514996696997,0.00036865630773791347,-0.00014660811800681905,-0.0002463033232230627,-0.0005199216456669431,-0.0009390250946608725,-0.001209616100859845,-0.0016616830940743843,-0.002251158634503092,-0.0051819142050241185,-0.007046091943414823,-0.011416840663830419,-0.022740970682076644,-0.03453685532613798,-0.04480278964318074,-0.8791249590366784,0.0,-0.0004793519643719879,0.0,0.0,0.0,0.0,0.0,0.0,3.7410816632055255e-05,0.0,1.0914883148485655,0.00019546360970762455,0.0004990702486690202,0.001149172581746405,0.0016866048974106818,0.0022504675111292838,0.0031953378276661226,0.009101410180199776,0.015124071014657736,0.019552025562821762,0.03673556626167945,0.08501867147184955,0.9168582634491371
